-- phpMyAdmin SQL Dump
-- version 4.8.4
-- https://www.phpmyadmin.net/
--
-- Host: 127.0.0.1:3306
-- Generation Time: Mar 04, 2019 at 12:11 PM
-- Server version: 5.7.24
-- PHP Version: 7.2.14

SET SQL_MODE = "NO_AUTO_VALUE_ON_ZERO";
SET AUTOCOMMIT = 0;
START TRANSACTION;
SET time_zone = "+00:00";


/*!40101 SET @OLD_CHARACTER_SET_CLIENT=@@CHARACTER_SET_CLIENT */;
/*!40101 SET @OLD_CHARACTER_SET_RESULTS=@@CHARACTER_SET_RESULTS */;
/*!40101 SET @OLD_COLLATION_CONNECTION=@@COLLATION_CONNECTION */;
/*!40101 SET NAMES utf8mb4 */;

--
-- Database: `eapi`
--

-- --------------------------------------------------------

--
-- Table structure for table `migrations`
--

DROP TABLE IF EXISTS `migrations`;
CREATE TABLE IF NOT EXISTS `migrations` (
  `id` int(10) UNSIGNED NOT NULL AUTO_INCREMENT,
  `migration` varchar(255) COLLATE utf8_unicode_ci NOT NULL,
  `batch` int(11) NOT NULL,
  PRIMARY KEY (`id`)
) ENGINE=MyISAM AUTO_INCREMENT=5 DEFAULT CHARSET=utf8 COLLATE=utf8_unicode_ci;

--
-- Dumping data for table `migrations`
--

INSERT INTO `migrations` (`id`, `migration`, `batch`) VALUES
(1, '2014_10_12_000000_create_users_table', 1),
(2, '2014_10_12_100000_create_password_resets_table', 1),
(3, '2019_03_04_080642_create_products_table', 1),
(4, '2019_03_04_080758_create_reviews_table', 1);

-- --------------------------------------------------------

--
-- Table structure for table `password_resets`
--

DROP TABLE IF EXISTS `password_resets`;
CREATE TABLE IF NOT EXISTS `password_resets` (
  `email` varchar(255) COLLATE utf8_unicode_ci NOT NULL,
  `token` varchar(255) COLLATE utf8_unicode_ci NOT NULL,
  `created_at` timestamp NULL DEFAULT NULL,
  KEY `password_resets_email_index` (`email`)
) ENGINE=MyISAM DEFAULT CHARSET=utf8 COLLATE=utf8_unicode_ci;

-- --------------------------------------------------------

--
-- Table structure for table `products`
--

DROP TABLE IF EXISTS `products`;
CREATE TABLE IF NOT EXISTS `products` (
  `id` int(10) UNSIGNED NOT NULL AUTO_INCREMENT,
  `name` varchar(255) COLLATE utf8_unicode_ci NOT NULL,
  `detail` text COLLATE utf8_unicode_ci NOT NULL,
  `price` int(11) NOT NULL,
  `stock` int(11) NOT NULL,
  `discount` int(11) NOT NULL,
  `created_at` timestamp NULL DEFAULT NULL,
  `updated_at` timestamp NULL DEFAULT NULL,
  PRIMARY KEY (`id`)
) ENGINE=MyISAM AUTO_INCREMENT=51 DEFAULT CHARSET=utf8 COLLATE=utf8_unicode_ci;

--
-- Dumping data for table `products`
--

INSERT INTO `products` (`id`, `name`, `detail`, `price`, `stock`, `discount`, `created_at`, `updated_at`) VALUES
(1, 'et', 'Modi velit explicabo quia pariatur et aut sint doloremque. Distinctio laboriosam doloremque eligendi est.', 263, 2, 29, '2019-03-04 07:07:14', '2019-03-04 07:07:14'),
(2, 'eaque', 'Facere qui repellendus nesciunt voluptate molestiae non. A ratione vel fugit perspiciatis. Nobis ab fugit in voluptatibus dolorem.', 292, 9, 11, '2019-03-04 07:07:14', '2019-03-04 07:07:14'),
(3, 'a', 'Repellat ut non impedit labore cumque. Vel debitis quisquam et voluptatem est excepturi eos. Quam expedita aspernatur velit illo sunt suscipit suscipit.', 459, 4, 15, '2019-03-04 07:07:14', '2019-03-04 07:07:14'),
(4, 'consequuntur', 'Ut iure consequatur dolorem eos consequatur tempora voluptates. Voluptatem ut consectetur ut. Non impedit est at adipisci tempora et ipsam recusandae.', 438, 7, 21, '2019-03-04 07:07:14', '2019-03-04 07:07:14'),
(5, 'culpa', 'Fugit aut sint molestias in et sapiente et est. Fuga nostrum sequi qui aut voluptatibus quos ullam et. Consequatur soluta unde at ab deleniti. Quia mollitia amet quam quia soluta est.', 296, 3, 12, '2019-03-04 07:07:14', '2019-03-04 07:07:14'),
(6, 'tempora', 'Velit est dolores sit quis alias perspiciatis. Aut consequatur repellendus modi neque consequatur est molestiae. Voluptatem facere nostrum provident aut a ipsam. Minima qui aut est dolorem sequi.', 773, 8, 22, '2019-03-04 07:07:14', '2019-03-04 07:07:14'),
(7, 'corporis', 'Voluptatibus fuga consequatur nemo dicta amet. Dolor repellat in fuga rerum dolore consectetur expedita exercitationem. Autem sint veritatis dolorem et est cumque.', 517, 4, 30, '2019-03-04 07:07:14', '2019-03-04 07:07:14'),
(8, 'aut', 'Explicabo odio dolores ratione nostrum earum iusto tenetur. Provident perferendis excepturi magni et. Vel natus architecto et veniam ut qui. Expedita perferendis sapiente quo ad ullam architecto. Consequatur accusamus et mollitia quibusdam.', 322, 4, 28, '2019-03-04 07:07:14', '2019-03-04 07:07:14'),
(9, 'facere', 'Itaque nihil facilis cum animi non. Sunt aut sapiente aliquid voluptates minus vero aut. Deleniti quam recusandae reprehenderit. Omnis fugiat expedita commodi aut non quos itaque itaque.', 937, 8, 14, '2019-03-04 07:07:14', '2019-03-04 07:07:14'),
(10, 'et', 'Natus ullam unde tenetur quas ipsam. Sit et quas commodi ratione. Quisquam rerum minus aut eius. Veniam optio aspernatur qui nisi eos eum aliquid.', 369, 3, 3, '2019-03-04 07:07:14', '2019-03-04 07:07:14'),
(11, 'repellat', 'Ipsa quo consequuntur et velit voluptatem aspernatur occaecati at. Reiciendis tenetur numquam illo esse. Et vel ipsa quaerat non dolore voluptate.', 992, 3, 13, '2019-03-04 07:07:14', '2019-03-04 07:07:14'),
(12, 'velit', 'Ea voluptatem molestiae nam quia aut fugiat voluptas laudantium. Quaerat nesciunt quisquam tempora velit earum voluptas. Architecto consequatur distinctio eos dolore rerum facere.', 372, 1, 29, '2019-03-04 07:07:14', '2019-03-04 07:07:14'),
(13, 'rerum', 'Inventore hic dolorum reiciendis quia consequatur rerum velit. Voluptas fugit aperiam vitae omnis mollitia sed. Qui ut aliquam minus totam architecto sit.', 348, 1, 21, '2019-03-04 07:07:14', '2019-03-04 07:07:14'),
(14, 'deleniti', 'Tempore officiis adipisci corporis quis dolorum voluptatem rerum. Expedita dignissimos dolorem ex et ipsum et beatae. Molestiae eos voluptas non non nisi quae et. Enim est quia molestiae necessitatibus occaecati.', 734, 6, 25, '2019-03-04 07:07:14', '2019-03-04 07:07:14'),
(15, 'dolor', 'Modi rerum rerum eaque quasi id rerum qui distinctio. Et facilis enim voluptas voluptas omnis ipsa. Placeat aut voluptas optio magni. Veniam quo vel sequi et.', 655, 7, 30, '2019-03-04 07:07:14', '2019-03-04 07:07:14'),
(16, 'laborum', 'Aut quae et omnis ipsa et sequi odit quo. Aliquam libero harum qui aperiam. Facilis consequatur commodi est eaque ex.', 196, 7, 2, '2019-03-04 07:07:14', '2019-03-04 07:07:14'),
(17, 'velit', 'Cumque eos provident esse similique animi. Delectus rem ratione est est voluptatibus atque. Voluptas minus unde sed sapiente.', 295, 3, 21, '2019-03-04 07:07:14', '2019-03-04 07:07:14'),
(18, 'delectus', 'Est qui dolorem quas ducimus error. Blanditiis odio odit ab aut. Animi omnis nam velit autem voluptates vel.', 213, 1, 22, '2019-03-04 07:07:14', '2019-03-04 07:07:14'),
(19, 'omnis', 'Excepturi omnis et et. Aliquid aut quidem consequatur. Voluptatem ipsa est voluptatem. Enim magnam ipsum reprehenderit molestiae.', 104, 8, 19, '2019-03-04 07:07:14', '2019-03-04 07:07:14'),
(20, 'laboriosam', 'Numquam ut minus odit quos eos quo eius. Asperiores veritatis exercitationem facilis iusto eos. Iste eveniet iusto optio consequatur. Rerum ut ad eos accusantium accusamus voluptatem.', 112, 3, 5, '2019-03-04 07:07:14', '2019-03-04 07:07:14'),
(21, 'explicabo', 'Ad laborum aliquid ut nesciunt deleniti deleniti. Quam non dolores voluptatem id. Inventore fugit sed aut blanditiis.', 561, 9, 3, '2019-03-04 07:07:14', '2019-03-04 07:07:14'),
(22, 'aut', 'Voluptatem ipsam assumenda similique nisi ducimus consectetur consectetur. Libero voluptatem deserunt possimus impedit. Sapiente et ex cupiditate qui voluptate eius.', 283, 2, 27, '2019-03-04 07:07:14', '2019-03-04 07:07:14'),
(23, 'ea', 'Ad voluptatibus dignissimos quod omnis incidunt quibusdam ullam aut. Assumenda error est ex numquam.', 811, 0, 22, '2019-03-04 07:07:14', '2019-03-04 07:07:14'),
(24, 'perspiciatis', 'Consequatur tempora laborum nesciunt consequatur autem qui eum. Vel repellat voluptatem voluptatem perspiciatis voluptates. Saepe error magni sed ullam quibusdam perferendis. Et ducimus dolore tempore accusamus fugiat ullam ab.', 493, 8, 16, '2019-03-04 07:07:14', '2019-03-04 07:07:14'),
(25, 'consectetur', 'Soluta iure optio sequi rerum dignissimos. Est quia sunt unde maxime iure ut recusandae. Enim asperiores harum consectetur.', 134, 8, 9, '2019-03-04 07:07:14', '2019-03-04 07:07:14'),
(26, 'aut', 'Rerum aliquid quasi quaerat in et itaque. Sit officiis labore facere debitis quibusdam doloremque dolorem. Reprehenderit et sapiente quidem ratione delectus. Et suscipit consequatur voluptatum sed doloremque. Aut itaque ut non ducimus quasi aliquid.', 424, 4, 17, '2019-03-04 07:07:14', '2019-03-04 07:07:14'),
(27, 'quis', 'Voluptas qui expedita est commodi fugit ad eveniet. Officiis eos omnis sint ullam at. Totam sit vel quo nesciunt sunt. Cum iste qui est odio suscipit aut quis.', 554, 7, 16, '2019-03-04 07:07:14', '2019-03-04 07:07:14'),
(28, 'voluptas', 'Beatae facilis voluptatem consequatur quidem iusto. Mollitia quaerat eaque voluptate voluptatem earum accusantium. Cum perferendis suscipit libero repellendus assumenda quis. Iusto autem pariatur velit magnam minus aut officia.', 553, 1, 21, '2019-03-04 07:07:14', '2019-03-04 07:07:14'),
(29, 'doloribus', 'Excepturi officiis maxime tempore vel non. Perferendis enim voluptates odit velit perspiciatis officia. Provident aut sit aut asperiores. Omnis incidunt vel in corporis. Ut sit facilis quia aliquam ipsa dolore qui.', 169, 0, 15, '2019-03-04 07:07:14', '2019-03-04 07:07:14'),
(30, 'voluptatem', 'Est voluptatem voluptas libero accusantium est ducimus. Quia eos harum eaque vero ex nihil. Voluptates quos dicta quia quisquam veritatis dolorem molestiae est. Fugit quis aut odit et aut.', 474, 8, 4, '2019-03-04 07:07:14', '2019-03-04 07:07:14'),
(31, 'vitae', 'Nam odit commodi delectus. Consequuntur consequuntur a itaque autem vero necessitatibus ut at. Doloremque repudiandae nulla rerum ut.', 777, 5, 16, '2019-03-04 07:07:14', '2019-03-04 07:07:14'),
(32, 'placeat', 'Non sunt illo sed dolor aliquid. Fugit voluptate at quis at repellat ea in. Unde tenetur quo error.', 310, 7, 23, '2019-03-04 07:07:14', '2019-03-04 07:07:14'),
(33, 'sit', 'Nulla alias est ipsa sapiente quia. Sed quas magni qui ab et aut. Vel quaerat mollitia distinctio consequatur molestiae nesciunt.', 256, 9, 3, '2019-03-04 07:07:14', '2019-03-04 07:07:14'),
(34, 'ipsum', 'Molestiae voluptas voluptatum et voluptatum dolores id. Et minus eligendi similique magnam. Iusto rerum quas illo minus laboriosam.', 441, 7, 29, '2019-03-04 07:07:14', '2019-03-04 07:07:14'),
(35, 'libero', 'Possimus ab voluptatibus omnis itaque nemo repellat quo. Dolor quia sint et ad ad aut. Velit quisquam ut perferendis minima qui esse.', 721, 2, 15, '2019-03-04 07:07:14', '2019-03-04 07:07:14'),
(36, 'corporis', 'Ipsa non totam culpa nostrum cupiditate. Quasi officiis vel culpa sapiente eius labore. Et impedit labore placeat et quae tempore doloremque. Mollitia eos id molestias cumque dolores accusamus.', 502, 5, 10, '2019-03-04 07:07:14', '2019-03-04 07:07:14'),
(37, 'et', 'Sint temporibus est voluptas fugit. Incidunt odit corporis aut veritatis. Sit ad voluptates eligendi ex.', 625, 9, 20, '2019-03-04 07:07:14', '2019-03-04 07:07:14'),
(38, 'nihil', 'Qui molestiae similique rem voluptatem consequatur inventore ut. Dolore velit ut distinctio. Labore qui officiis quo maxime aut nesciunt minima. Et et enim magnam corrupti.', 469, 5, 13, '2019-03-04 07:07:14', '2019-03-04 07:07:14'),
(39, 'natus', 'Fugit dignissimos iusto quis fugiat. Non quibusdam vel exercitationem. Quibusdam tempora error saepe voluptate. Ipsa assumenda aut exercitationem harum cumque earum qui ullam.', 392, 9, 10, '2019-03-04 07:07:14', '2019-03-04 07:07:14'),
(40, 'ipsum', 'Quaerat quo tenetur dicta enim qui perferendis omnis. Voluptates repellendus adipisci vitae atque et quibusdam. Ut quas omnis quis. Aut et dolores expedita eum amet dolores voluptatem.', 798, 6, 28, '2019-03-04 07:07:14', '2019-03-04 07:07:14'),
(41, 'veniam', 'At consequatur sunt temporibus vel itaque. Ea eligendi voluptatem esse quidem quia dolor in. Magnam fuga et officia qui maiores. Quae est eum non totam consequuntur.', 756, 4, 17, '2019-03-04 07:07:14', '2019-03-04 07:07:14'),
(42, 'non', 'Adipisci id doloremque quia consequuntur. Sequi sunt dolor ullam quas nesciunt. Ducimus cumque neque at quo rerum. Sed doloribus quasi repellendus quae soluta.', 766, 1, 15, '2019-03-04 07:07:14', '2019-03-04 07:07:14'),
(43, 'nulla', 'Adipisci autem itaque quas. Eligendi quos iusto qui aliquid facilis. Velit est ipsa perferendis qui officia adipisci perferendis. Qui repellat et qui quo officiis velit.', 669, 5, 21, '2019-03-04 07:07:14', '2019-03-04 07:07:14'),
(44, 'fuga', 'Eos culpa est at accusantium consectetur delectus. Dolor voluptatem sunt cumque nobis aspernatur. Est et rerum voluptatem ut et voluptatem atque.', 440, 5, 23, '2019-03-04 07:07:14', '2019-03-04 07:07:14'),
(45, 'qui', 'Doloribus similique magnam doloremque rerum iure. Non nulla quibusdam non explicabo enim repudiandae et. Suscipit voluptate dolorem quo dolores cum enim quia. Nostrum qui omnis doloribus sed.', 330, 2, 10, '2019-03-04 07:07:14', '2019-03-04 07:07:14'),
(46, 'consequuntur', 'Distinctio nulla voluptatem quam rem voluptatum praesentium ad. Tempora voluptatem nostrum temporibus fugit quis sint debitis assumenda. Enim beatae id qui possimus. Aut eligendi ut maxime officiis similique impedit. Rerum tempora earum aut.', 302, 2, 27, '2019-03-04 07:07:14', '2019-03-04 07:07:14'),
(47, 'dolores', 'Omnis autem nisi aut dolor et expedita consequatur. Ipsa illum ea est dolores aperiam velit aliquid. Porro sit mollitia pariatur tenetur.', 554, 9, 2, '2019-03-04 07:07:14', '2019-03-04 07:07:14'),
(48, 'nam', 'Qui sit ipsam recusandae aspernatur voluptatum mollitia. Enim id nihil hic dolor eos ullam. Soluta dolorem et tempore natus qui quia perferendis quidem. Earum minima odio molestiae officia necessitatibus.', 301, 6, 16, '2019-03-04 07:07:14', '2019-03-04 07:07:14'),
(49, 'repellat', 'Ducimus nam ratione temporibus adipisci expedita eum cupiditate. Magni debitis soluta quam incidunt. Est impedit deserunt assumenda. Tempora sequi voluptatem est assumenda.', 750, 5, 16, '2019-03-04 07:07:14', '2019-03-04 07:07:14'),
(50, 'rem', 'Debitis consequatur qui maxime et accusantium dolores. Repellat quis eaque reprehenderit at amet. Distinctio aut soluta unde suscipit ut fugit omnis. Et quasi et quia rerum quibusdam.', 558, 5, 3, '2019-03-04 07:07:14', '2019-03-04 07:07:14');

-- --------------------------------------------------------

--
-- Table structure for table `reviews`
--

DROP TABLE IF EXISTS `reviews`;
CREATE TABLE IF NOT EXISTS `reviews` (
  `id` int(10) UNSIGNED NOT NULL AUTO_INCREMENT,
  `product_id` int(10) UNSIGNED NOT NULL,
  `customer` varchar(255) COLLATE utf8_unicode_ci NOT NULL,
  `review` text COLLATE utf8_unicode_ci NOT NULL,
  `star` int(11) NOT NULL,
  `created_at` timestamp NULL DEFAULT NULL,
  `updated_at` timestamp NULL DEFAULT NULL,
  PRIMARY KEY (`id`),
  KEY `reviews_product_id_index` (`product_id`)
) ENGINE=MyISAM AUTO_INCREMENT=301 DEFAULT CHARSET=utf8 COLLATE=utf8_unicode_ci;

--
-- Dumping data for table `reviews`
--

INSERT INTO `reviews` (`id`, `product_id`, `customer`, `review`, `star`, `created_at`, `updated_at`) VALUES
(1, 37, 'Sallie McCullough', 'Laudantium sapiente ratione laboriosam et ullam incidunt. Distinctio eos soluta distinctio soluta est odio cupiditate. Est perspiciatis vel eaque beatae provident impedit totam. Et perspiciatis consequatur aspernatur molestiae id autem est.', 0, '2019-03-04 07:07:16', '2019-03-04 07:07:16'),
(2, 24, 'Dr. Darren Aufderhar', 'Consequatur explicabo enim est ratione commodi explicabo. Ducimus dolore iusto placeat omnis optio nihil non. Non earum animi vitae doloremque inventore. Deserunt inventore enim eaque adipisci.', 0, '2019-03-04 07:07:16', '2019-03-04 07:07:16'),
(3, 49, 'Lamar Kuhn', 'Facilis placeat nostrum impedit repellat sit aspernatur ducimus corrupti. At velit aperiam voluptate rem. Sit unde voluptates soluta quis. Non et nihil aut ratione iure in qui. Expedita illum beatae laborum ut nihil deleniti.', 2, '2019-03-04 07:07:16', '2019-03-04 07:07:16'),
(4, 6, 'Daisha Feest III', 'Quia ut sapiente tempora maiores reiciendis. Maxime sit quaerat corrupti quisquam. Minima voluptatem qui autem consequatur.', 1, '2019-03-04 07:07:16', '2019-03-04 07:07:16'),
(5, 11, 'Brain Walter V', 'Autem magni aspernatur molestiae et. Aut debitis id voluptatibus ipsa reprehenderit. Earum maxime corporis fugiat. Porro et magnam mollitia quas molestiae.', 1, '2019-03-04 07:07:16', '2019-03-04 07:07:16'),
(6, 1, 'Will O\'Hara', 'Id fugit consectetur laudantium. Et occaecati quod impedit nihil. Quo velit et ea cumque aliquam eos. Nemo quidem sint temporibus excepturi. Voluptatem voluptatem iste voluptate veritatis illo sint.', 2, '2019-03-04 07:07:16', '2019-03-04 07:07:16'),
(7, 25, 'Prof. Harold Ritchie DDS', 'Officiis consequatur quis molestiae qui ipsa laudantium. Excepturi quam aliquid ut officiis molestiae. Optio aliquam laudantium voluptas est qui. Consequatur et expedita porro aperiam est assumenda.', 5, '2019-03-04 07:07:16', '2019-03-04 07:07:16'),
(8, 25, 'Daren Schaden DDS', 'Quia et quasi consequatur vel excepturi. Id dolores aut deleniti molestias quasi aut. Est et itaque odit voluptate consequuntur eos. Sapiente ullam adipisci expedita.', 5, '2019-03-04 07:07:16', '2019-03-04 07:07:16'),
(9, 36, 'Avery Dicki', 'Et mollitia totam amet debitis praesentium dolores quia consequatur. Voluptatem dolores nulla voluptatum. Unde omnis cupiditate ut eaque omnis.', 1, '2019-03-04 07:07:16', '2019-03-04 07:07:16'),
(10, 21, 'Kayley Reinger I', 'Voluptas quia iste quis laborum adipisci magnam. Ut incidunt cumque aut qui ratione et ut. Ut ab deserunt nemo consequatur.', 1, '2019-03-04 07:07:16', '2019-03-04 07:07:16'),
(11, 3, 'Loyce Nikolaus', 'Quos quod commodi aliquid similique optio. Eveniet vero aut repellat ipsum. Nemo voluptate quibusdam quidem expedita minus et temporibus.', 5, '2019-03-04 07:07:16', '2019-03-04 07:07:16'),
(12, 35, 'Marion Harvey', 'Atque omnis quo fugit laudantium aut. Quos dolorum perferendis quibusdam distinctio et.', 4, '2019-03-04 07:07:16', '2019-03-04 07:07:16'),
(13, 23, 'Desmond Treutel', 'Ullam consectetur illum ea odit non laboriosam. Nemo qui veritatis fuga suscipit aperiam unde voluptas. Totam ipsa quod eveniet omnis officia fugit. Est velit quod voluptas placeat consequatur sapiente corporis sed.', 2, '2019-03-04 07:07:16', '2019-03-04 07:07:16'),
(14, 24, 'Marcos Franecki', 'Fugit dignissimos sint sint ullam voluptas omnis. Quisquam suscipit a explicabo et. Odit debitis ex quis animi eum quidem ullam. Cum voluptas natus ipsam voluptas. Similique quis quis consectetur corrupti laborum ipsum deserunt.', 1, '2019-03-04 07:07:16', '2019-03-04 07:07:16'),
(15, 32, 'Adrain Kilback PhD', 'In itaque dicta sint temporibus. Magni fugiat ab aperiam. Quo maxime molestiae et recusandae. Ipsum nam totam vero voluptas.', 1, '2019-03-04 07:07:16', '2019-03-04 07:07:16'),
(16, 46, 'Evangeline Schaefer', 'Est incidunt ut excepturi quae autem. Sequi corrupti aliquam hic repellendus sint reiciendis nam. Voluptatem odit sunt ducimus et saepe iure. Animi amet quaerat vel omnis qui. In non enim non consequatur voluptatem natus sit.', 1, '2019-03-04 07:07:16', '2019-03-04 07:07:16'),
(17, 4, 'Breanna Hills', 'Facilis illum similique ducimus neque consectetur nihil doloribus fugit. Modi maxime quia eum aut porro eaque.', 0, '2019-03-04 07:07:16', '2019-03-04 07:07:16'),
(18, 39, 'Lacy Hickle', 'Consequuntur ullam ut quisquam consequatur. Et voluptates voluptatem modi. Quam delectus id reiciendis fugit. Rerum iure praesentium ipsam provident dolores facilis.', 5, '2019-03-04 07:07:16', '2019-03-04 07:07:16'),
(19, 42, 'Prof. Edwina Kiehn', 'Dolorum ad dolorem et quaerat vel doloribus vel. Delectus autem neque et illo optio rerum consequuntur. Explicabo quia placeat dicta aspernatur a alias.', 3, '2019-03-04 07:07:16', '2019-03-04 07:07:16'),
(20, 21, 'Dr. Boyd Auer III', 'Iusto dolorem deleniti voluptas et veritatis. Nisi autem animi dolores debitis qui. Voluptatum animi ad quod perspiciatis totam. Exercitationem consequatur architecto earum mollitia explicabo occaecati omnis.', 5, '2019-03-04 07:07:16', '2019-03-04 07:07:16'),
(21, 1, 'Ms. Cindy Jenkins DDS', 'Architecto deleniti dolore excepturi dicta ut. Nulla minima ut ad odit vero assumenda. Vel sit cum aut praesentium dolores nobis. Molestiae autem fuga rem qui exercitationem.', 2, '2019-03-04 07:07:16', '2019-03-04 07:07:16'),
(22, 8, 'Aiyana Abbott', 'Est libero et aut impedit quidem consequatur inventore voluptatem. Quia doloremque est inventore et sit incidunt quo magnam. Qui et odio assumenda eum. Magnam fugiat blanditiis sunt nemo est laboriosam alias.', 0, '2019-03-04 07:07:16', '2019-03-04 07:07:16'),
(23, 3, 'Barrett Batz', 'Assumenda blanditiis et aliquid nulla atque id voluptas. Fuga nisi neque veniam perferendis aspernatur.', 2, '2019-03-04 07:07:16', '2019-03-04 07:07:16'),
(24, 1, 'Charley Mante', 'Consequatur debitis sed alias ut esse similique aperiam. Ullam qui quia qui occaecati suscipit non eius. Quibusdam incidunt quis et quos.', 4, '2019-03-04 07:07:16', '2019-03-04 07:07:16'),
(25, 21, 'Marlen Stiedemann', 'Eius molestiae modi sapiente aliquam voluptas placeat qui quisquam. Fugit unde commodi est voluptatibus. Porro quidem itaque eum asperiores id. Et itaque porro eius at sint maxime in omnis. Dignissimos quisquam enim officia et nam architecto sed.', 0, '2019-03-04 07:07:16', '2019-03-04 07:07:16'),
(26, 11, 'Devon Schaden', 'Porro nihil sit tempora animi vel labore commodi. Voluptates nemo nesciunt et vero. Sequi neque laborum voluptas perspiciatis. Velit et est sint doloremque et eos reprehenderit et.', 5, '2019-03-04 07:07:16', '2019-03-04 07:07:16'),
(27, 42, 'Dr. Rowena Schmeler', 'Ab voluptates reprehenderit voluptatem sed repellendus non. Accusamus explicabo deserunt expedita deleniti nemo. Voluptatem non iste nesciunt et veniam quos sunt. Et vel eveniet nobis enim omnis consectetur.', 3, '2019-03-04 07:07:16', '2019-03-04 07:07:16'),
(28, 36, 'Felicia Bradtke', 'Placeat asperiores voluptas atque sit quibusdam totam. Ut est enim eos et. Placeat omnis ad ab id eum.', 2, '2019-03-04 07:07:16', '2019-03-04 07:07:16'),
(29, 19, 'Ines O\'Kon', 'Aut deserunt beatae aperiam in dolorem alias. Porro voluptatem aut assumenda aliquam. Et eos harum reiciendis accusantium sunt. Aut quo ratione labore vel fugiat voluptatem. Optio ut quam sed error.', 2, '2019-03-04 07:07:16', '2019-03-04 07:07:16'),
(30, 10, 'Coby Hahn', 'Praesentium aliquam suscipit et et. Earum nulla dolor qui rem natus. Non nobis esse rerum non similique.', 5, '2019-03-04 07:07:16', '2019-03-04 07:07:16'),
(31, 46, 'Dr. Trey Smitham', 'Consequatur aut voluptatem iste non quas ducimus. Doloribus impedit aut aut deleniti.', 4, '2019-03-04 07:07:16', '2019-03-04 07:07:16'),
(32, 29, 'Lemuel Johns IV', 'Aut repellat sint quia aliquid. Nam tempore dolorem dolores cupiditate non voluptas ut. Rerum provident et earum hic.', 5, '2019-03-04 07:07:16', '2019-03-04 07:07:16'),
(33, 5, 'Genoveva Daugherty', 'Ea ut ut non eveniet ut quia quo. Aspernatur praesentium doloribus quis eaque. Repellendus consectetur sunt ut eum.', 0, '2019-03-04 07:07:16', '2019-03-04 07:07:16'),
(34, 42, 'Ms. Bella Klein', 'Architecto cum vero consequatur dolores sequi. Et voluptas quia sunt et ipsum. Tenetur maiores id provident amet deserunt saepe. Enim numquam perferendis vel non amet dolores unde dolorum. Est sapiente itaque iusto ab.', 4, '2019-03-04 07:07:16', '2019-03-04 07:07:16'),
(35, 25, 'Johathan Ebert', 'Vero laborum mollitia soluta dolor qui dolorem. Ratione voluptatem dolores sed nihil. Quidem sed dolores ut ratione. Omnis ut aut ipsa qui labore quos corrupti. Perspiciatis sed assumenda esse deleniti aut dolor repellendus.', 2, '2019-03-04 07:07:16', '2019-03-04 07:07:16'),
(36, 45, 'Mikayla Stoltenberg', 'Sed qui eos tempora eaque vel mollitia. Excepturi rerum repellendus dolor vel. Quia voluptates nulla sed eos aut explicabo.', 0, '2019-03-04 07:07:16', '2019-03-04 07:07:16'),
(37, 48, 'Keshawn Schimmel', 'Suscipit quibusdam repellat dolorem ex quia perferendis consequatur. Eum sed nihil atque eveniet et tempora eos veniam. Expedita aliquid ab porro facere odit. Voluptatibus earum qui architecto debitis dignissimos voluptatem rerum.', 0, '2019-03-04 07:07:16', '2019-03-04 07:07:16'),
(38, 10, 'Hipolito Kiehn Sr.', 'Est mollitia aut commodi distinctio voluptatum. Perspiciatis quae vel nihil debitis. Eveniet nam ut asperiores magnam dolores quisquam.', 2, '2019-03-04 07:07:16', '2019-03-04 07:07:16'),
(39, 24, 'Adaline Gutkowski', 'Sunt placeat dolor impedit hic. Aliquam officia et esse rerum vel. Animi voluptas sed exercitationem harum culpa quia doloribus. Perferendis ut eveniet saepe distinctio ut nemo qui.', 0, '2019-03-04 07:07:16', '2019-03-04 07:07:16'),
(40, 42, 'Estel Thiel', 'Sunt culpa sit velit nemo in iusto. Molestiae excepturi ipsam inventore quod.', 5, '2019-03-04 07:07:16', '2019-03-04 07:07:16'),
(41, 28, 'Dr. Triston Emard I', 'Minus dolor repellendus odit. Quo amet omnis magni voluptas laudantium corrupti eum. Aut nihil nostrum aperiam dicta est. Adipisci ducimus nam pariatur.', 4, '2019-03-04 07:07:16', '2019-03-04 07:07:16'),
(42, 34, 'Dr. Breanne Roob', 'Voluptatum nobis ducimus culpa animi. Deserunt voluptas aut quo aut et rem repudiandae odit. Enim est similique a aut perferendis. Qui quae eveniet vel.', 2, '2019-03-04 07:07:16', '2019-03-04 07:07:16'),
(43, 41, 'Alejandrin King II', 'Asperiores cumque corporis est officia. At dolores fugiat odio.', 2, '2019-03-04 07:07:16', '2019-03-04 07:07:16'),
(44, 10, 'Dr. Bianka Bayer I', 'Eum dolorum culpa cumque velit asperiores quia magni. Recusandae saepe harum laudantium voluptate quia quae. Doloribus sit molestias officia velit vitae. Quam sunt earum labore et dolor deserunt quasi.', 4, '2019-03-04 07:07:16', '2019-03-04 07:07:16'),
(45, 35, 'Ms. Golda Welch DVM', 'Dignissimos dolores dolorem aperiam. Illum assumenda ratione sed.', 0, '2019-03-04 07:07:16', '2019-03-04 07:07:16'),
(46, 4, 'Ms. Minnie Heidenreich DDS', 'Magni illo odit magni sed. Voluptas quidem fuga rem mollitia libero exercitationem. Aperiam quis et rerum dignissimos necessitatibus animi.', 4, '2019-03-04 07:07:16', '2019-03-04 07:07:16'),
(47, 36, 'Heaven Gleichner I', 'Molestias aut minus minima similique eum ut et. Dolor et aut ipsum excepturi doloremque. Iusto quam quos qui earum qui et occaecati deserunt. Veniam placeat voluptate et nesciunt eos.', 3, '2019-03-04 07:07:16', '2019-03-04 07:07:16'),
(48, 38, 'Mr. Myrl Beatty', 'Enim maiores earum eveniet eius. Animi quia sed et vel. Saepe ipsa magni architecto et. Quod qui perspiciatis exercitationem veritatis optio harum.', 5, '2019-03-04 07:07:16', '2019-03-04 07:07:16'),
(49, 26, 'Emerald Orn DVM', 'Porro aperiam rem officiis. Quis dolore earum vitae et deleniti numquam dolor dolores. Ut facilis ut velit velit voluptate deleniti. Ut veniam error voluptas rerum officiis velit eos. Nihil incidunt et deleniti voluptatem labore corporis.', 1, '2019-03-04 07:07:16', '2019-03-04 07:07:16'),
(50, 45, 'Hortense Ledner', 'Mollitia quae voluptas non eos omnis hic dignissimos. Eaque nihil sint tempora id voluptas. Beatae officia voluptatum laudantium facilis laudantium rerum aperiam. Dolores magnam ut nihil nihil assumenda.', 1, '2019-03-04 07:07:16', '2019-03-04 07:07:16'),
(51, 50, 'Earlene Wehner DVM', 'Tempore ea delectus totam vel incidunt. Iure omnis nihil vero esse. Rerum voluptatum eum aliquam qui. Et labore ullam aliquam delectus maiores alias.', 1, '2019-03-04 07:07:16', '2019-03-04 07:07:16'),
(52, 9, 'Prof. Adolph Smitham Sr.', 'Hic qui qui non aut deserunt. Et sit molestias ea qui eos veritatis. Ut unde quidem voluptate itaque delectus nobis maxime. Quia inventore sint quo ut porro nam.', 4, '2019-03-04 07:07:16', '2019-03-04 07:07:16'),
(53, 2, 'Brenna Farrell', 'Voluptas ex deleniti fuga. Nulla consequatur labore sint provident aliquam est. Totam eos error libero et quo. Assumenda et nihil officia non perspiciatis voluptatem dolor.', 5, '2019-03-04 07:07:16', '2019-03-04 07:07:16'),
(54, 47, 'Alba Koelpin', 'Placeat magni nihil ab quisquam atque amet. Labore nesciunt ut maxime voluptatum reprehenderit provident voluptas. Ex temporibus autem asperiores provident velit eum quo. Consequatur sed aut consequatur dolores autem iure.', 1, '2019-03-04 07:07:16', '2019-03-04 07:07:16'),
(55, 10, 'Kendall Friesen', 'Est quod voluptate sint vitae numquam et natus. Ipsam dicta cumque non est vero nulla et. Non similique vel nesciunt ut id perferendis explicabo.', 4, '2019-03-04 07:07:16', '2019-03-04 07:07:16'),
(56, 11, 'Dalton Orn DVM', 'Quisquam qui sint sit qui. Natus pariatur dolorum repudiandae fuga eius est. Nesciunt eum explicabo cupiditate ad sunt et adipisci. Deleniti quibusdam nihil expedita autem et.', 1, '2019-03-04 07:07:16', '2019-03-04 07:07:16'),
(57, 14, 'Randal Muller', 'Animi nisi magni et numquam molestias. Pariatur neque et sit aut. Omnis non explicabo omnis delectus quisquam unde temporibus accusantium.', 5, '2019-03-04 07:07:16', '2019-03-04 07:07:16'),
(58, 45, 'Dariana Pfannerstill', 'Commodi vitae earum natus non deserunt qui sit. Quaerat dolores sapiente maiores optio sint consequuntur.', 5, '2019-03-04 07:07:16', '2019-03-04 07:07:16'),
(59, 2, 'Aiden Harvey', 'Ab est accusantium eius molestiae. Non maxime et at omnis neque. Velit repudiandae debitis quo in facilis explicabo magnam. Eum aut id ipsa adipisci fugit sed.', 0, '2019-03-04 07:07:16', '2019-03-04 07:07:16'),
(60, 20, 'Dr. Oscar Runte V', 'Et aut ullam velit debitis sit qui. Sapiente distinctio autem tempore modi. In et rerum qui non ullam aut.', 0, '2019-03-04 07:07:16', '2019-03-04 07:07:16'),
(61, 8, 'Kasandra Kutch DVM', 'Rerum in ut officia molestias nihil vero porro in. Accusamus sunt ullam et sed qui sequi est quia. Deserunt accusantium est deleniti repudiandae sed.', 1, '2019-03-04 07:07:16', '2019-03-04 07:07:16'),
(62, 17, 'Eleanore McCullough', 'Illo et magni id enim. Et tempora a ipsam non omnis ducimus.', 0, '2019-03-04 07:07:16', '2019-03-04 07:07:16'),
(63, 14, 'Anissa Gusikowski', 'Exercitationem eum blanditiis qui est tenetur voluptatem. Corporis est nisi qui mollitia animi ullam fuga.', 5, '2019-03-04 07:07:16', '2019-03-04 07:07:16'),
(64, 42, 'Crystel Breitenberg I', 'Itaque pariatur voluptas quo et. Nulla molestiae repellat voluptatibus quia. Ut perferendis deleniti quae quia aut modi. Sequi soluta consequatur aut quod.', 1, '2019-03-04 07:07:16', '2019-03-04 07:07:16'),
(65, 12, 'Karianne Huels', 'Aliquam labore fugiat illo natus omnis quos nobis ratione. Fugit ut non numquam dolorum. Quis deserunt ducimus rerum error tenetur ab animi explicabo. Alias aut et expedita.', 3, '2019-03-04 07:07:16', '2019-03-04 07:07:16'),
(66, 6, 'Lowell Kunde', 'Quas veritatis perferendis consequuntur harum optio soluta sapiente. Maxime in eligendi laudantium voluptatem velit aut rerum. Saepe facere voluptates et.', 3, '2019-03-04 07:07:16', '2019-03-04 07:07:16'),
(67, 14, 'Willa Keeling', 'Beatae eveniet doloremque nulla quod blanditiis ut. Voluptatem assumenda ut esse possimus reiciendis laborum nisi vel. Enim molestiae inventore quo itaque qui laborum amet.', 1, '2019-03-04 07:07:16', '2019-03-04 07:07:16'),
(68, 27, 'Carolina Effertz', 'Est quae ab eum. Magni suscipit ea voluptatem cupiditate velit.', 5, '2019-03-04 07:07:16', '2019-03-04 07:07:16'),
(69, 10, 'Sydnie Effertz', 'Harum magni alias modi quis similique tenetur excepturi. Accusantium et expedita laboriosam. Ut et et voluptas culpa sunt nesciunt dolorem itaque. Consequatur laborum quibusdam cupiditate.', 0, '2019-03-04 07:07:16', '2019-03-04 07:07:16'),
(70, 10, 'Jasper Ernser', 'Quam eos et cumque totam eveniet temporibus aliquid. Placeat saepe praesentium voluptatibus consequatur aperiam hic ut sit. Tempora blanditiis ipsum ut. Eos hic est et rerum recusandae.', 5, '2019-03-04 07:07:16', '2019-03-04 07:07:16'),
(71, 25, 'Mr. Janick Lubowitz IV', 'Perferendis hic ad quis numquam necessitatibus id nobis tempore. Architecto est neque exercitationem unde. Quas quam qui tempora eos quia eos magnam.', 3, '2019-03-04 07:07:16', '2019-03-04 07:07:16'),
(72, 48, 'Larue Schroeder', 'Occaecati officia explicabo eaque nesciunt. Consequuntur veritatis veritatis et eligendi odit iure iusto. Maxime et enim illo minima sed. Qui consequatur ipsum ut assumenda corrupti aut. Repellat aperiam ipsum officia autem doloribus quaerat.', 3, '2019-03-04 07:07:16', '2019-03-04 07:07:16'),
(73, 10, 'Tyshawn Kunze', 'Quaerat eius quia quia at voluptatibus et nam amet. Laudantium enim quas est pariatur aspernatur doloremque rerum. Quis autem dolorum maiores sit repellat consequuntur quo. Quia officia corrupti odit beatae. Ducimus harum molestiae quae magnam.', 1, '2019-03-04 07:07:16', '2019-03-04 07:07:16'),
(74, 19, 'Celestine Willms DDS', 'Vitae voluptas dolore doloremque nesciunt. Magnam laborum id sed veniam exercitationem. Et quia itaque sapiente et iste accusantium ipsum rerum. Officiis architecto a et vero soluta consequatur.', 5, '2019-03-04 07:07:16', '2019-03-04 07:07:16'),
(75, 18, 'Mr. Shayne Kshlerin', 'Sunt molestiae vel eligendi architecto ducimus consequatur. Necessitatibus neque molestiae voluptatem molestias aut nostrum. Sint eveniet eos facilis facilis in quas ducimus. Accusantium consectetur blanditiis in nostrum et sequi.', 3, '2019-03-04 07:07:16', '2019-03-04 07:07:16'),
(76, 29, 'Bobbie Mitchell', 'Impedit facilis voluptatem vitae. Praesentium quam autem id quidem. Numquam reiciendis necessitatibus minima numquam velit sunt.', 4, '2019-03-04 07:07:16', '2019-03-04 07:07:16'),
(77, 46, 'Lila Johns V', 'Itaque aut ut nobis neque. Qui ullam ipsam eum voluptatem. Illum possimus sunt in voluptatem iusto.', 0, '2019-03-04 07:07:16', '2019-03-04 07:07:16'),
(78, 2, 'Beaulah Adams', 'Et nesciunt veniam laudantium alias cupiditate. Corrupti at ut dignissimos asperiores possimus quas. Quaerat nobis possimus repellendus eos. Vero adipisci dolorum ut nisi consequatur quibusdam.', 3, '2019-03-04 07:07:16', '2019-03-04 07:07:16'),
(79, 48, 'Lilly Schaefer', 'Laboriosam quis sint omnis ex nulla non. Dolore et ducimus vero mollitia quibusdam et sit. Voluptas repellat ut numquam.', 1, '2019-03-04 07:07:16', '2019-03-04 07:07:16'),
(80, 4, 'Gillian Jacobson Sr.', 'Vel impedit error error qui perferendis totam aut. Eum dolores non odit harum non neque ad.', 2, '2019-03-04 07:07:16', '2019-03-04 07:07:16'),
(81, 34, 'Adelbert Becker Sr.', 'Voluptas quos at eveniet. Officiis et perspiciatis hic omnis unde. Numquam eaque odit numquam vel error neque. Et et deleniti et expedita in vel.', 5, '2019-03-04 07:07:16', '2019-03-04 07:07:16'),
(82, 45, 'Alice Ondricka', 'Rem ut neque ab quo eum aut facilis. Voluptas nobis non quo ad. Voluptas ipsam quae deleniti consequatur molestiae. Est est sit nam quia unde et. Ut est voluptatum illo deserunt.', 3, '2019-03-04 07:07:16', '2019-03-04 07:07:16'),
(83, 13, 'Annie Monahan', 'Et praesentium similique quo quia ipsum. Qui ducimus doloribus magni sed. Et atque voluptatem optio non exercitationem totam. Sed qui et iusto dolorum molestias esse alias consequatur.', 2, '2019-03-04 07:07:16', '2019-03-04 07:07:16'),
(84, 24, 'Dr. Waldo Fay', 'Voluptas aut odio qui ipsa et. Expedita rerum perferendis amet alias ipsa veniam. Nobis est et quasi tenetur est facere.', 2, '2019-03-04 07:07:16', '2019-03-04 07:07:16'),
(85, 19, 'Anthony Koss', 'Quasi consequuntur quasi autem aliquid. Nihil repudiandae id delectus sint. Odio occaecati ut beatae at. Blanditiis et sunt debitis provident harum doloribus cumque.', 0, '2019-03-04 07:07:16', '2019-03-04 07:07:16'),
(86, 34, 'Karianne Bode', 'Sed dolor voluptas sequi numquam accusamus. Minima molestiae hic autem nisi aut aperiam. Iure aut temporibus eveniet. Nesciunt vel exercitationem ea.', 5, '2019-03-04 07:07:16', '2019-03-04 07:07:16'),
(87, 16, 'Barton Schinner', 'Quia eveniet blanditiis corrupti delectus. Quia id animi nisi dolorem odit. Adipisci aspernatur sit accusantium qui aspernatur. Non qui voluptas qui nihil quae voluptatem enim sit.', 0, '2019-03-04 07:07:16', '2019-03-04 07:07:16'),
(88, 28, 'Griffin Reinger DDS', 'Qui voluptatem minus sunt ut. Quis consequuntur expedita quia repudiandae repudiandae atque. Qui rem quo tempore eligendi eos.', 1, '2019-03-04 07:07:16', '2019-03-04 07:07:16'),
(89, 34, 'Prof. Lazaro Monahan DDS', 'Possimus consequatur recusandae rerum quia distinctio dolorum. Omnis sunt modi molestias qui. Et veniam maxime molestias temporibus voluptatem aut quis. Et consectetur ea laborum eum.', 3, '2019-03-04 07:07:16', '2019-03-04 07:07:16'),
(90, 27, 'Mr. Lesley Hoeger II', 'Magnam vel sunt enim laboriosam quo necessitatibus quia. Et esse sed aut omnis autem voluptatibus. Quod et delectus asperiores aut aut alias.', 1, '2019-03-04 07:07:16', '2019-03-04 07:07:16'),
(91, 9, 'Yasmeen Dietrich', 'Ducimus nisi veritatis expedita nostrum exercitationem. Fugit nihil animi distinctio autem enim. Sint corrupti et quia tempora quia.', 1, '2019-03-04 07:07:16', '2019-03-04 07:07:16'),
(92, 3, 'Julian Conn', 'Quo ea perspiciatis cum vel cupiditate. Vel voluptas fugiat aperiam. Delectus ut voluptatibus reiciendis nihil. Id molestiae eum qui nostrum optio est eligendi.', 0, '2019-03-04 07:07:16', '2019-03-04 07:07:16'),
(93, 18, 'Molly Schmitt', 'Provident exercitationem enim qui voluptatum veniam magni quo. Eaque qui est dolores dicta. Aut ex provident dolor. Asperiores facilis ut dolorum dolor est fugiat.', 1, '2019-03-04 07:07:16', '2019-03-04 07:07:16'),
(94, 36, 'April Marvin', 'Beatae quasi sed provident ratione non ex. Hic exercitationem tempore molestiae quia debitis. Porro non cupiditate suscipit laboriosam. Accusamus repellat voluptate non iste veritatis quae unde.', 5, '2019-03-04 07:07:16', '2019-03-04 07:07:16'),
(95, 44, 'Prof. Emory Dickinson V', 'Est eos earum et totam. Dolor aut labore soluta numquam rerum aut tempora. Aperiam quia nisi voluptatum repellendus.', 0, '2019-03-04 07:07:16', '2019-03-04 07:07:16'),
(96, 9, 'Desiree Wunsch', 'Accusamus ut molestiae et rerum sequi non harum qui. A qui aut nihil hic consequatur. Eius voluptates aut laudantium omnis unde. Et est velit in aliquam quo laudantium.', 3, '2019-03-04 07:07:16', '2019-03-04 07:07:16'),
(97, 37, 'Ruthe Simonis', 'Earum est est iure. Fugit asperiores et molestiae nihil in. Rerum et atque sit incidunt omnis. Voluptatem asperiores officia similique veniam.', 2, '2019-03-04 07:07:16', '2019-03-04 07:07:16'),
(98, 14, 'Mrs. Cali Cronin', 'Fuga ducimus fugiat et magnam rerum. Mollitia id aut et omnis. Aliquam iusto nisi ut est. Cupiditate vitae aspernatur laudantium tempora nisi repudiandae.', 5, '2019-03-04 07:07:16', '2019-03-04 07:07:16'),
(99, 2, 'Art Kris', 'Enim commodi vel quibusdam corrupti. Qui autem vero in excepturi molestiae recusandae est. Amet reprehenderit quia mollitia quidem ullam. Voluptas iusto ut non eligendi ut repudiandae officiis.', 0, '2019-03-04 07:07:16', '2019-03-04 07:07:16'),
(100, 23, 'Erich Lindgren', 'Et aut qui commodi ab iste veniam. Porro quasi illo possimus. Nihil voluptatem et et sequi.', 0, '2019-03-04 07:07:16', '2019-03-04 07:07:16'),
(101, 26, 'Mr. Cristobal Pouros', 'Corporis autem voluptates et non qui. Dolor aliquam nobis quaerat assumenda molestiae dolores.', 0, '2019-03-04 07:07:16', '2019-03-04 07:07:16'),
(102, 23, 'Libby Lesch', 'Omnis accusantium commodi rem reprehenderit. Quaerat repellendus delectus voluptate molestias tempora excepturi. Quisquam quas corporis molestiae iure deleniti illum. Aut facilis hic ducimus quia culpa.', 4, '2019-03-04 07:07:16', '2019-03-04 07:07:16'),
(103, 43, 'Josephine Dickinson', 'Dolorem aut explicabo officiis sed ab consequatur voluptatibus numquam. Sed consectetur perferendis voluptas. Quia doloribus ut et repellat.', 3, '2019-03-04 07:07:16', '2019-03-04 07:07:16'),
(104, 29, 'Misael Satterfield I', 'Qui molestiae vitae quasi provident et ea magnam. Et dolorem quae iure accusantium.', 5, '2019-03-04 07:07:16', '2019-03-04 07:07:16'),
(105, 43, 'Ava Romaguera', 'Ut ut aut quis. Ratione et sit quia architecto et aperiam saepe. Dolorem ex sit asperiores facilis error quos.', 4, '2019-03-04 07:07:16', '2019-03-04 07:07:16'),
(106, 18, 'Prof. Cicero Bosco', 'Optio et est sed autem. Error quae omnis non et veritatis ipsum autem beatae. Voluptates molestiae enim a deserunt eos aliquid recusandae. Et temporibus consequatur et provident.', 4, '2019-03-04 07:07:16', '2019-03-04 07:07:16'),
(107, 6, 'Blanche Auer', 'Voluptatibus quod voluptatem nostrum deserunt. Fugit porro nisi et nihil et et. Nesciunt ad porro reiciendis aliquid. Nihil enim repudiandae sapiente asperiores modi autem.', 2, '2019-03-04 07:07:16', '2019-03-04 07:07:16'),
(108, 3, 'Mrs. Genevieve Aufderhar', 'Est repellendus aut quam optio. Facilis sunt ad autem rem quisquam. Sit dicta adipisci ut molestias unde. Id tempora sequi placeat necessitatibus totam est minus beatae.', 3, '2019-03-04 07:07:16', '2019-03-04 07:07:16'),
(109, 9, 'Ms. Jazmyne Sipes', 'Suscipit ut nam facilis aut quidem ipsam. Temporibus et aut et aut voluptatem placeat vitae nostrum. Perferendis mollitia nesciunt natus sapiente sit officiis laudantium. Eos harum deserunt aliquam quo distinctio impedit.', 2, '2019-03-04 07:07:16', '2019-03-04 07:07:16'),
(110, 45, 'Shyann Klein', 'Voluptates reiciendis ullam fuga praesentium ducimus consequuntur nesciunt molestias. Quae quo doloremque adipisci repellendus similique. Non natus eos totam facere est qui a.', 0, '2019-03-04 07:07:16', '2019-03-04 07:07:16'),
(111, 11, 'Alexandria Nicolas', 'Quisquam ut aut et quia. Odio enim praesentium neque consequatur maiores. Qui magni numquam quae laudantium qui dolore eos. Perferendis enim quo molestiae facilis doloremque rem.', 3, '2019-03-04 07:07:16', '2019-03-04 07:07:16'),
(112, 19, 'Johanna Hilpert', 'Accusantium ut ipsum recusandae et quae sit. Repellat dolores ut quaerat aliquid ut nemo fugiat. Voluptatum ab voluptate et molestiae libero dolor qui.', 3, '2019-03-04 07:07:16', '2019-03-04 07:07:16'),
(113, 4, 'Ms. Maeve Ledner III', 'Soluta non nostrum velit. Labore nulla porro aut dolores placeat voluptates eveniet. Similique repudiandae veniam voluptas qui nisi. Fugiat ratione voluptatem alias incidunt veritatis molestiae optio.', 3, '2019-03-04 07:07:16', '2019-03-04 07:07:16'),
(114, 20, 'Kiana Nader', 'Alias nam suscipit quis sed. Iste iusto voluptatem hic iste error illo consequatur. Odio architecto est et sed sint molestias labore explicabo. Illo sint explicabo voluptatem iusto.', 0, '2019-03-04 07:07:16', '2019-03-04 07:07:16'),
(115, 12, 'Prof. Theodora Schmidt Sr.', 'Ex rem maxime repellat blanditiis vero sit. Quasi nobis similique iusto recusandae. Laudantium quam voluptatibus debitis sint nihil soluta voluptate hic.', 5, '2019-03-04 07:07:16', '2019-03-04 07:07:16'),
(116, 50, 'Deangelo Ratke', 'Laudantium rem officiis id fugiat sit architecto recusandae. Ipsam sunt asperiores qui nemo temporibus aut. Voluptatibus cumque ut architecto et. Expedita et a fugit ad.', 1, '2019-03-04 07:07:16', '2019-03-04 07:07:16'),
(117, 33, 'Mrs. Maybelle Daugherty', 'Molestiae enim reiciendis quis corporis. Accusantium qui molestiae molestiae est sapiente quis magni. In eos tempora qui quas tenetur qui consequatur. Labore iste omnis cupiditate fugit est laudantium delectus.', 1, '2019-03-04 07:07:16', '2019-03-04 07:07:16'),
(118, 24, 'Ms. Kamille Bernhard PhD', 'Libero rem unde qui inventore. Dignissimos quas odit et nisi. Pariatur sint pariatur itaque doloremque. Adipisci maxime quaerat unde quasi dolore soluta.', 3, '2019-03-04 07:07:16', '2019-03-04 07:07:16'),
(119, 30, 'Carlee Beer', 'Similique molestias rerum qui quia voluptatem. Possimus quibusdam sed ipsa quia.', 2, '2019-03-04 07:07:16', '2019-03-04 07:07:16'),
(120, 17, 'Mr. Arlo Klein IV', 'Asperiores totam dolorum mollitia. Non nisi voluptatem harum molestias. Et asperiores deserunt facilis et distinctio. Dolor maiores consectetur optio explicabo ex voluptatem qui.', 2, '2019-03-04 07:07:16', '2019-03-04 07:07:16'),
(121, 39, 'Dr. Dewitt Stokes', 'Dolorum dolores ab reprehenderit fuga autem eligendi laborum. Omnis illo omnis error vel. Temporibus repellat est voluptas cum dolores enim. Facere pariatur laboriosam nulla non.', 2, '2019-03-04 07:07:16', '2019-03-04 07:07:16'),
(122, 8, 'Danial Hayes PhD', 'Ipsum tenetur nesciunt sint alias architecto maiores et omnis. Aliquid ut consequatur est iusto ipsa ratione architecto laboriosam. Nemo ut hic ullam et.', 2, '2019-03-04 07:07:16', '2019-03-04 07:07:16'),
(123, 10, 'General Bayer', 'Id ipsa error ex nulla enim. Corporis non molestias itaque consequatur corrupti sit. Deserunt qui voluptatem odio ut commodi nemo. Ex eius aut dolorem voluptate.', 2, '2019-03-04 07:07:16', '2019-03-04 07:07:16'),
(124, 31, 'Hyman Rippin', 'Sunt eum autem eaque in voluptas quos nihil repellendus. Voluptas culpa omnis voluptates aut natus cupiditate qui. Exercitationem dolorem neque rem enim soluta sequi autem.', 1, '2019-03-04 07:07:16', '2019-03-04 07:07:16'),
(125, 48, 'Freeda Smitham', 'Dolorem et veritatis possimus ut quae magnam est. Optio quas veritatis qui vel doloremque. Commodi soluta assumenda ipsa officia vel corporis quod earum. Nisi omnis facere ipsa eaque.', 1, '2019-03-04 07:07:16', '2019-03-04 07:07:16'),
(126, 27, 'Mrs. Brenda Trantow', 'Perspiciatis voluptatem iure occaecati quam explicabo. Voluptas non iure at vel. Ipsum modi fugiat qui quo. Iure et deleniti corrupti. Ipsam enim mollitia blanditiis.', 1, '2019-03-04 07:07:16', '2019-03-04 07:07:16'),
(127, 29, 'Citlalli Von', 'Rerum voluptate sed est esse ratione placeat. Voluptates aut perferendis reiciendis est. Consequatur modi repellat accusantium vel.', 3, '2019-03-04 07:07:16', '2019-03-04 07:07:16'),
(128, 26, 'Candido Schroeder', 'Laudantium aliquam sed sapiente magnam odio corporis quasi et. Autem eligendi blanditiis esse ea. Quis et voluptatibus saepe officia eum maiores facere.', 4, '2019-03-04 07:07:16', '2019-03-04 07:07:16'),
(129, 21, 'Porter Hagenes', 'Asperiores aut consequatur molestias non. Reiciendis odit asperiores et et non. Temporibus nihil qui quasi et. Aperiam aliquid placeat facilis voluptates delectus. Ut rerum ut nesciunt mollitia sed.', 1, '2019-03-04 07:07:16', '2019-03-04 07:07:16'),
(130, 5, 'Austen Harber', 'Perspiciatis velit natus eligendi sit recusandae totam voluptatem. Dolorem minima ut accusamus eius. Officia vel expedita eos quia voluptas.', 5, '2019-03-04 07:07:16', '2019-03-04 07:07:16'),
(131, 25, 'Karolann Schultz', 'Voluptatem enim suscipit et molestiae. Et natus facere voluptas libero. Soluta autem in soluta quidem. Est ut aperiam sit enim aperiam sed sit.', 0, '2019-03-04 07:07:16', '2019-03-04 07:07:16'),
(132, 34, 'Elinore Hodkiewicz II', 'At quis nihil minus iure qui labore sapiente quo. Voluptas id voluptatem quasi cum ut. Repellendus delectus culpa et ad quidem illo. Inventore et vero nostrum quia aut vel.', 5, '2019-03-04 07:07:16', '2019-03-04 07:07:16'),
(133, 50, 'Ms. Destiney Wilderman', 'Quam quas reiciendis inventore et id velit quia. Animi ut officia distinctio impedit. Assumenda quidem asperiores est enim. Sed iste iste magnam.', 2, '2019-03-04 07:07:16', '2019-03-04 07:07:16'),
(134, 45, 'Gillian Friesen', 'Qui est aut sapiente quos deserunt qui ducimus. Fuga enim nihil non. Quaerat harum odit distinctio cum libero id repudiandae.', 1, '2019-03-04 07:07:16', '2019-03-04 07:07:16'),
(135, 19, 'Prof. Allie Anderson III', 'Asperiores eos ut sapiente impedit dicta minima qui. Saepe vel porro et amet itaque. Pariatur amet necessitatibus eius. Maxime non autem ea sint cupiditate ut.', 1, '2019-03-04 07:07:16', '2019-03-04 07:07:16'),
(136, 34, 'Merle Steuber III', 'Ea doloribus dolore minus dolor. Voluptas ullam et voluptatem. Sunt minima eum dolorem qui voluptates excepturi nihil. Deleniti et atque quaerat facere in voluptatem sint.', 4, '2019-03-04 07:07:16', '2019-03-04 07:07:16'),
(137, 6, 'Cody Mohr II', 'Voluptatem sequi amet debitis aut aliquam facere. Vel id amet ut nesciunt. Aut ut consequatur molestias.', 2, '2019-03-04 07:07:16', '2019-03-04 07:07:16'),
(138, 4, 'Miss Emie Fisher MD', 'Est earum libero nihil alias et id et. Veniam deserunt atque quas. Repudiandae perferendis voluptatem soluta. Sed corporis in dolorem architecto. Amet rerum impedit odio ut rerum suscipit quo voluptatem.', 3, '2019-03-04 07:07:16', '2019-03-04 07:07:16'),
(139, 31, 'Miss Julia Leannon Jr.', 'Voluptatem in quia aut id. Repellendus repudiandae nihil enim quisquam omnis quibusdam. Eos quisquam vitae eaque nemo maxime. Qui fuga aspernatur velit repellat suscipit.', 1, '2019-03-04 07:07:16', '2019-03-04 07:07:16'),
(140, 3, 'Braxton Champlin', 'Recusandae in ad ipsam. Qui vel ea maiores ullam eos. Fugit quia nesciunt facere earum eligendi veniam.', 3, '2019-03-04 07:07:16', '2019-03-04 07:07:16'),
(141, 40, 'Reece Abernathy', 'Voluptas magnam est dicta soluta tenetur eligendi. Alias voluptatem id soluta eum placeat. Consequatur blanditiis delectus vitae suscipit enim labore qui et.', 1, '2019-03-04 07:07:16', '2019-03-04 07:07:16'),
(142, 24, 'Bette Hamill', 'Quisquam ut recusandae nostrum ut est. Est corrupti a et est et adipisci. Ea impedit molestiae rem amet minus illum nihil.', 1, '2019-03-04 07:07:16', '2019-03-04 07:07:16'),
(143, 42, 'Kian O\'Kon', 'Repellendus quis numquam qui eveniet harum distinctio. Nihil magnam aliquid sint aut ea cumque ut. Saepe nemo iure quia delectus sunt cumque voluptatem.', 3, '2019-03-04 07:07:16', '2019-03-04 07:07:16'),
(144, 42, 'Mrs. Gertrude Lowe', 'Illum dicta nostrum sed. Eligendi distinctio dolorem tenetur sit ea alias at. Occaecati impedit ratione voluptates accusamus.', 5, '2019-03-04 07:07:16', '2019-03-04 07:07:16'),
(145, 14, 'Hertha Gislason DVM', 'Sunt nostrum animi quia vero et. Iusto est velit accusamus doloribus voluptates. Adipisci ab in doloribus facere aliquam molestiae ea. Officia aut vel consequuntur. Ut eum labore ad dicta suscipit totam eos.', 5, '2019-03-04 07:07:16', '2019-03-04 07:07:16'),
(146, 38, 'Dr. Elian Thompson Jr.', 'Sit rerum at cupiditate ut placeat. Autem excepturi voluptatum quia alias. Nisi consequatur optio illo ut pariatur optio qui numquam. Qui et ducimus laborum molestiae aperiam.', 4, '2019-03-04 07:07:16', '2019-03-04 07:07:16'),
(147, 4, 'Esta Bruen', 'Provident cupiditate autem provident ipsum ullam culpa. Fuga aut et aliquid. Nihil repudiandae nemo fuga fugiat dolores consequuntur molestiae. Voluptatem nemo veritatis impedit voluptas sed voluptatem.', 3, '2019-03-04 07:07:16', '2019-03-04 07:07:16'),
(148, 43, 'Heloise Bogan', 'Omnis et et tempora reiciendis. Laudantium ipsam at non id est optio. Nesciunt excepturi aliquam alias non maiores.', 5, '2019-03-04 07:07:16', '2019-03-04 07:07:16'),
(149, 34, 'Jadyn Hodkiewicz', 'Mollitia modi numquam cumque labore autem qui. Facilis voluptas eum est aut doloribus dolorum ea. Quibusdam ab libero blanditiis. Consequatur esse esse voluptatem non. Atque dolor voluptatem a dolor quo est.', 2, '2019-03-04 07:07:16', '2019-03-04 07:07:16'),
(150, 25, 'Eliane Rice Jr.', 'Illo non praesentium a possimus porro deleniti aliquam quia. Quisquam alias voluptatum magni sed quia. Esse tempore numquam nam officia deserunt quia error et. Et vitae ea quibusdam tempore. Voluptas aut officiis recusandae aut ad est.', 2, '2019-03-04 07:07:16', '2019-03-04 07:07:16'),
(151, 48, 'Rowan Goodwin', 'Aspernatur facilis ut et earum repellat nesciunt recusandae est. Velit consequuntur nesciunt soluta repellat. Ducimus aut sunt esse voluptates quia voluptas ab.', 5, '2019-03-04 07:07:16', '2019-03-04 07:07:16'),
(152, 20, 'Miss Kathlyn Jacobson III', 'Nemo in et voluptatem necessitatibus sint sint repudiandae autem. Eligendi enim temporibus amet nulla.', 1, '2019-03-04 07:07:16', '2019-03-04 07:07:16'),
(153, 37, 'Norene O\'Connell', 'Amet aspernatur ad sit nihil non commodi. Vero quo est vero laudantium autem. Nihil deleniti recusandae minima ratione sed quae excepturi. Incidunt labore non cumque et.', 5, '2019-03-04 07:07:16', '2019-03-04 07:07:16'),
(154, 39, 'Onie Fadel', 'Rerum unde dolor numquam maiores accusantium sed. Voluptatem consequatur placeat nesciunt inventore. Rem provident velit explicabo expedita natus. Culpa distinctio quia iste dolorem.', 5, '2019-03-04 07:07:16', '2019-03-04 07:07:16'),
(155, 27, 'Heloise McKenzie DDS', 'Nostrum ab animi quisquam eos. Nihil veritatis tempora vel adipisci ipsam. Temporibus et aut incidunt nostrum facere dolorem. Id vero ut corrupti sint recusandae ut.', 5, '2019-03-04 07:07:16', '2019-03-04 07:07:16'),
(156, 45, 'Obie Kassulke', 'Nihil dolor pariatur quo qui eveniet. At ipsam sint corrupti et earum a. Architecto optio est et molestiae et. Non magnam dolore amet consequatur autem sed libero.', 5, '2019-03-04 07:07:16', '2019-03-04 07:07:16'),
(157, 39, 'Prof. Angelica Robel', 'Sint voluptatibus deleniti aperiam consequuntur est voluptatem atque ipsum. Autem voluptatem quae eos at. Ut eligendi sequi et nihil. Aperiam quis quia doloribus cupiditate explicabo quos.', 3, '2019-03-04 07:07:16', '2019-03-04 07:07:16'),
(158, 39, 'Shemar Hartmann', 'Sunt eaque eos quia eaque porro libero non. Sed architecto neque fugiat voluptate possimus repudiandae suscipit. Dolorum quaerat cumque assumenda aperiam nemo vel dolorem. Provident adipisci voluptatum nisi vitae sit unde maiores iste. Id nostrum quis aperiam veniam culpa atque excepturi possimus.', 2, '2019-03-04 07:07:16', '2019-03-04 07:07:16'),
(159, 15, 'Dr. Nico Schowalter Sr.', 'Blanditiis ipsa pariatur modi qui magni. Error deserunt id asperiores voluptatem. Aspernatur voluptatem corporis aut voluptates veritatis voluptatum ut. Numquam vero consectetur expedita repellat rerum fugiat dolore.', 4, '2019-03-04 07:07:16', '2019-03-04 07:07:16'),
(160, 12, 'Ms. Vicenta Osinski', 'Magni dignissimos odio expedita ab hic. In est et corporis quasi aut vel ipsam. Ut deleniti voluptates delectus rem repudiandae fugit est. Repudiandae quo et eos sunt qui ullam non.', 0, '2019-03-04 07:07:16', '2019-03-04 07:07:16'),
(161, 43, 'Prof. Adah Ankunding', 'Ad veritatis quia in ex nemo. Qui possimus enim temporibus ut quaerat voluptates inventore officiis. Non quo nobis rerum voluptatum quia rerum. Beatae ut omnis veniam labore vero officiis provident quisquam.', 4, '2019-03-04 07:07:16', '2019-03-04 07:07:16'),
(162, 6, 'Elta Connelly', 'Alias voluptatem voluptate tempore dolor voluptatibus maiores ipsum. Aspernatur consequatur veritatis nisi maiores provident non voluptas. Omnis iste quia in corrupti laboriosam et. Rerum aut commodi non ab laborum ducimus deserunt sit.', 1, '2019-03-04 07:07:16', '2019-03-04 07:07:16'),
(163, 48, 'Edna Bernier', 'Amet et rerum rerum reiciendis perferendis voluptas sed quam. Ut et harum et ea dolorum quia eaque error. Aut harum sed et placeat quae possimus id ipsam.', 1, '2019-03-04 07:07:16', '2019-03-04 07:07:16'),
(164, 24, 'Velva Marks', 'Natus aliquam sed nam tempora autem. Adipisci et nisi est. Beatae perferendis eum adipisci aut debitis est nesciunt.', 4, '2019-03-04 07:07:16', '2019-03-04 07:07:16'),
(165, 44, 'Hershel Nienow', 'Tempore facilis dolor ad excepturi. Quis omnis qui ut quia tenetur ducimus. Placeat voluptatum aut voluptas sunt. Quia quod minima dolorem.', 4, '2019-03-04 07:07:16', '2019-03-04 07:07:16'),
(166, 47, 'Stanford Swift', 'At officiis saepe quam consequatur. Mollitia aut aut tempora consequatur unde occaecati ea debitis. Voluptatem omnis cum non esse excepturi.', 0, '2019-03-04 07:07:16', '2019-03-04 07:07:16'),
(167, 19, 'Mrs. Adaline Bauch', 'Sapiente omnis quia et deserunt. Aperiam in et et qui. Culpa officiis officiis molestiae aperiam atque totam aut.', 2, '2019-03-04 07:07:16', '2019-03-04 07:07:16'),
(168, 1, 'Prof. Marlen Mante', 'Aliquam omnis vel amet eos accusamus et. Harum ut enim voluptatem ut. Officia incidunt nesciunt delectus velit et. Perspiciatis aperiam sapiente consequatur est.', 0, '2019-03-04 07:07:16', '2019-03-04 07:07:16'),
(169, 40, 'Abbie Hamill', 'Delectus in est aut voluptas neque et. Fuga animi magni magni natus. Veniam dolores architecto ipsum aut recusandae qui quis.', 4, '2019-03-04 07:07:16', '2019-03-04 07:07:16'),
(170, 35, 'Prof. Ariane Will Jr.', 'Saepe numquam similique blanditiis numquam tempore. Laudantium dolores aperiam voluptatibus ad aut neque facere. Et aut quos quia voluptatem itaque ullam. Dolore laborum quia occaecati aliquam et.', 0, '2019-03-04 07:07:16', '2019-03-04 07:07:16'),
(171, 39, 'Lawrence Abshire', 'Quam sed voluptatem ea sunt ipsum. Similique ullam omnis quas officiis. Dolores explicabo aspernatur vel vero incidunt odit. Quo non omnis provident dignissimos praesentium id quo. Necessitatibus illum nam et hic amet doloremque voluptas qui.', 3, '2019-03-04 07:07:16', '2019-03-04 07:07:16'),
(172, 3, 'Lionel Effertz', 'Accusamus possimus aliquam repellat est voluptatem saepe. Deleniti vitae voluptatem et reprehenderit dignissimos quisquam vel. Dolores officiis consequuntur at voluptas saepe.', 0, '2019-03-04 07:07:16', '2019-03-04 07:07:16'),
(173, 7, 'Ena Haley DDS', 'Distinctio tempore perspiciatis voluptatibus veniam in consequatur et. Ea non quas ipsum sunt ratione quidem. Commodi et est enim sit dolor.', 5, '2019-03-04 07:07:16', '2019-03-04 07:07:16'),
(174, 45, 'Mr. Cristobal Bogan', 'Iste animi modi hic et odio et aut. Non dicta itaque nostrum rem.', 0, '2019-03-04 07:07:16', '2019-03-04 07:07:16'),
(175, 25, 'Joe Lakin Sr.', 'Laborum sunt accusamus rerum porro. Tenetur non laborum sit molestiae.', 2, '2019-03-04 07:07:16', '2019-03-04 07:07:16'),
(176, 33, 'Bonnie Cruickshank', 'Odit aliquam accusamus eum dolorem. Fugiat sit eum consequatur omnis alias ullam. Fugit sequi nihil quas neque. Et nihil deleniti aut ex ab veritatis. Et corrupti fuga dolor voluptas dolorem iure perferendis.', 0, '2019-03-04 07:07:16', '2019-03-04 07:07:16'),
(177, 38, 'Bradly Miller', 'Sunt aut minus id quisquam. Nesciunt occaecati sit et eum et eum explicabo. Facilis repellendus totam nesciunt laborum ut laboriosam dicta.', 1, '2019-03-04 07:07:16', '2019-03-04 07:07:16'),
(178, 10, 'Hal Heller', 'Optio facere qui molestiae consequatur libero et suscipit. Tempora eius unde esse tempora id tempore eos aut.', 4, '2019-03-04 07:07:16', '2019-03-04 07:07:16'),
(179, 2, 'Mrs. Dolly Hickle III', 'Debitis facilis doloremque sed eligendi. Tempore vero autem ut omnis eveniet expedita temporibus. Labore porro aperiam autem.', 5, '2019-03-04 07:07:16', '2019-03-04 07:07:16'),
(180, 11, 'Dr. Kiara Pagac Sr.', 'Blanditiis quo ratione exercitationem est repellat nesciunt est animi. Nesciunt rerum et omnis.', 3, '2019-03-04 07:07:16', '2019-03-04 07:07:16'),
(181, 36, 'Felicia Murphy', 'Dicta aliquam dolor odit adipisci repellendus ratione perspiciatis. Sapiente enim non quis numquam architecto similique. Ab facere aut voluptas provident.', 2, '2019-03-04 07:07:16', '2019-03-04 07:07:16'),
(182, 2, 'Hope Ledner', 'Veritatis nostrum praesentium delectus nemo corporis sint. Nam quos libero ipsa officiis id illum enim. In officiis iusto vel et. Assumenda est recusandae debitis placeat qui quis debitis. Perferendis dolor dolores impedit omnis quibusdam.', 2, '2019-03-04 07:07:16', '2019-03-04 07:07:16'),
(183, 39, 'Rosamond Prohaska', 'Alias fuga eos culpa nisi id. Quos voluptatem iusto molestias nesciunt occaecati sed molestias. Quo est perferendis labore eos fugiat molestiae eum.', 5, '2019-03-04 07:07:16', '2019-03-04 07:07:16'),
(184, 35, 'Prof. Ilene Hegmann PhD', 'Esse voluptas consequuntur vero in cumque quaerat atque. Enim eveniet quasi sit laboriosam neque. Et aut dolorum et facere est.', 2, '2019-03-04 07:07:16', '2019-03-04 07:07:16'),
(185, 27, 'Jeffrey Cummerata', 'Molestiae et tempore voluptatem consectetur quas et qui cupiditate. Vel ab eos qui corporis facere sint voluptas reprehenderit. Temporibus culpa sint voluptate odit. Itaque amet esse facere aut quisquam molestias.', 1, '2019-03-04 07:07:16', '2019-03-04 07:07:16'),
(186, 22, 'Mr. Dayton Witting', 'Dicta qui dolor dolores. Sapiente magni iusto ipsam quis officiis dolor aliquam ut.', 1, '2019-03-04 07:07:16', '2019-03-04 07:07:16'),
(187, 35, 'Tracy Wilderman I', 'Rerum asperiores illum non nam. Dolores placeat velit porro delectus. Aut molestias ipsam ut ea expedita dolorum sit. Culpa ut rem maxime dolor. Vero inventore esse architecto nihil dicta.', 4, '2019-03-04 07:07:16', '2019-03-04 07:07:16'),
(188, 10, 'Mr. Zachariah Fahey', 'Error nemo dolorem sed odit molestias. Dolorem qui iure velit aliquam eaque. Necessitatibus cupiditate quisquam dolorem omnis quas tempore esse.', 2, '2019-03-04 07:07:16', '2019-03-04 07:07:16'),
(189, 9, 'Kaitlyn Graham', 'Officiis saepe alias sunt architecto qui magni. Nulla aperiam provident fuga impedit rerum. Qui et nihil quam qui sit. Voluptates laboriosam unde doloremque.', 5, '2019-03-04 07:07:16', '2019-03-04 07:07:16'),
(190, 34, 'Delta Gottlieb', 'Minima nam suscipit et amet consequatur sapiente. Voluptate quaerat aliquam sed excepturi nam. Ad numquam atque quos veritatis nesciunt voluptates explicabo quas. Nihil sit distinctio quia maxime sequi.', 5, '2019-03-04 07:07:16', '2019-03-04 07:07:16'),
(191, 25, 'Halle Larkin', 'In adipisci quia consequatur ex eius iste. Nihil et neque fugit consectetur numquam amet. Nostrum saepe perferendis officiis ratione quia perspiciatis. Qui magnam placeat repellat nesciunt aut ut.', 1, '2019-03-04 07:07:16', '2019-03-04 07:07:16'),
(192, 17, 'Marcelino Huel', 'Qui et sint quidem omnis sed. Distinctio eum illo quasi veritatis. Tempora recusandae aspernatur odio id. A odio inventore quia aut quos dolorem molestiae dolorem.', 2, '2019-03-04 07:07:16', '2019-03-04 07:07:16'),
(193, 16, 'Marcia Cummerata', 'In veniam aut consequatur quaerat cupiditate atque tempore. Quasi quidem dolores impedit quibusdam aspernatur quisquam. Et aut voluptatibus est. Aut nesciunt cumque vitae est.', 1, '2019-03-04 07:07:16', '2019-03-04 07:07:16'),
(194, 34, 'Keagan Davis', 'Et consequatur repudiandae sit. Harum modi veritatis commodi ad veritatis illo quis.', 1, '2019-03-04 07:07:16', '2019-03-04 07:07:16'),
(195, 38, 'Dr. Merritt Watsica I', 'Eveniet in ex voluptatem voluptatem dignissimos. Mollitia incidunt accusantium provident. Rerum exercitationem consequuntur minus dolor.', 0, '2019-03-04 07:07:16', '2019-03-04 07:07:16'),
(196, 11, 'Ericka Zieme', 'Labore est eos ullam commodi. Minus reprehenderit non quis sunt. Voluptatum in cumque omnis. Est perferendis veritatis officiis qui.', 0, '2019-03-04 07:07:16', '2019-03-04 07:07:16'),
(197, 17, 'Gerard Breitenberg', 'Praesentium recusandae ea sunt velit iure repellendus. Culpa earum quisquam est sed ullam illo. Voluptas blanditiis dolor enim est sed aliquid.', 4, '2019-03-04 07:07:16', '2019-03-04 07:07:16'),
(198, 26, 'Mr. Zechariah Barrows IV', 'Illum qui quo maxime nisi eveniet. Et nobis maxime et cum praesentium praesentium voluptatem minus. Ut eligendi qui rem animi impedit.', 0, '2019-03-04 07:07:16', '2019-03-04 07:07:16'),
(199, 42, 'Easter Volkman', 'Esse voluptatem quia ut dolor ut alias. Porro deleniti voluptatibus magni laudantium quam sint. Pariatur est eum non. Magnam veniam similique quia debitis distinctio.', 3, '2019-03-04 07:07:16', '2019-03-04 07:07:16'),
(200, 13, 'Gilberto Russel', 'Facere esse error dignissimos possimus sequi id praesentium. Dolore architecto dolorem ipsum ut tenetur provident nulla. Consequatur ut quasi nostrum. Ut amet reprehenderit numquam. Temporibus dicta voluptas explicabo tenetur.', 1, '2019-03-04 07:07:16', '2019-03-04 07:07:16'),
(201, 21, 'Wanda Gibson', 'Et dolorem quo quis consequatur libero similique omnis. Eius saepe qui sed dolorum consequatur. Aliquid qui fugiat delectus aliquam autem nam.', 2, '2019-03-04 07:07:16', '2019-03-04 07:07:16'),
(202, 25, 'Laury Stokes PhD', 'Hic sunt facere omnis voluptatem eos. Ex necessitatibus qui veniam iste odit fugit. Et atque rerum aperiam repudiandae quisquam voluptate impedit sint.', 0, '2019-03-04 07:07:16', '2019-03-04 07:07:16'),
(203, 50, 'Bulah Eichmann', 'Reprehenderit temporibus at aut nisi rerum velit ratione totam. Laborum et inventore ut. Cum unde libero exercitationem illum. Labore in debitis quisquam sed omnis porro repudiandae tempora. Illum earum sit aut ipsam sed sunt mollitia.', 4, '2019-03-04 07:07:16', '2019-03-04 07:07:16'),
(204, 23, 'Dr. Jovani Paucek', 'Eaque fugiat labore ut sed. Sint ad porro quos sit expedita eos in. Possimus et ut incidunt.', 3, '2019-03-04 07:07:16', '2019-03-04 07:07:16'),
(205, 50, 'Jovan O\'Reilly IV', 'Sit quis culpa magnam tempora. Pariatur numquam eius vel. Velit ipsum sed libero. Et eveniet aliquam eveniet aut debitis voluptas blanditiis.', 2, '2019-03-04 07:07:16', '2019-03-04 07:07:16'),
(206, 48, 'Hilario Rosenbaum', 'Illum facere culpa molestiae odio accusantium. Neque sed sint vel qui. Natus fuga ut sunt corrupti adipisci nesciunt laudantium. Commodi quas accusantium fugiat vero atque.', 5, '2019-03-04 07:07:16', '2019-03-04 07:07:16'),
(207, 6, 'Prof. Deshawn Wisozk', 'Eaque autem delectus repellat ut. Voluptate vel odit odio corporis. Sunt doloremque et quis neque.', 1, '2019-03-04 07:07:16', '2019-03-04 07:07:16');
INSERT INTO `reviews` (`id`, `product_id`, `customer`, `review`, `star`, `created_at`, `updated_at`) VALUES
(208, 5, 'Cortney Hackett', 'Aspernatur sequi impedit hic vero voluptatibus eius. Ut et non autem est. Minus qui corrupti at ea et ut. Earum necessitatibus autem delectus saepe dolore sit quos.', 3, '2019-03-04 07:07:16', '2019-03-04 07:07:16'),
(209, 10, 'Adrienne Bechtelar V', 'Facilis magni officia mollitia pariatur nulla ut cupiditate. Hic iusto cupiditate hic velit magnam voluptate quam. Odit atque earum quam.', 3, '2019-03-04 07:07:16', '2019-03-04 07:07:16'),
(210, 48, 'Beth O\'Keefe', 'Laborum illo aperiam consequatur doloribus. Consequatur sit et possimus et. Ut officiis dolore atque ab cum officia reiciendis qui.', 4, '2019-03-04 07:07:16', '2019-03-04 07:07:16'),
(211, 6, 'Ubaldo Pfeffer', 'Ex consequatur quam maxime magnam quia dolorem. Modi nesciunt modi similique aut accusantium asperiores ea cupiditate. Ab quia minima sequi molestiae porro corrupti fugit numquam. Ut velit voluptatibus dolorum.', 3, '2019-03-04 07:07:16', '2019-03-04 07:07:16'),
(212, 50, 'Dangelo Kuhic', 'Omnis cum commodi beatae cupiditate qui ipsa pariatur. Aut laboriosam quibusdam eum velit. Mollitia molestiae vel nobis aut quis porro qui.', 1, '2019-03-04 07:07:16', '2019-03-04 07:07:16'),
(213, 10, 'Lenna Bergstrom', 'Numquam et veritatis et cupiditate. Perferendis et quasi aut accusamus sed et libero. Fuga voluptatem ea rerum labore minima. Omnis enim nobis fugiat repudiandae.', 5, '2019-03-04 07:07:16', '2019-03-04 07:07:16'),
(214, 35, 'Floyd Morar', 'Rerum aliquam aut inventore voluptas distinctio. Ut error aperiam autem. Provident dolorem quia et id sunt sed optio. Doloremque dolorem maxime aut.', 1, '2019-03-04 07:07:16', '2019-03-04 07:07:16'),
(215, 48, 'Olin Kiehn', 'Nihil et rerum aliquid illum vel consectetur. Natus ex maxime sint dolor ab. Aut quibusdam assumenda aut ipsa error molestias rerum sint.', 5, '2019-03-04 07:07:16', '2019-03-04 07:07:16'),
(216, 20, 'Carlo Zboncak', 'Ut earum sed fuga vitae beatae. Dolores ipsam fuga quis eum qui explicabo quia. Sint maxime dolorum corrupti blanditiis vel quod quaerat. Iusto omnis qui consequatur.', 5, '2019-03-04 07:07:16', '2019-03-04 07:07:16'),
(217, 10, 'Dr. Lilian Shanahan V', 'Fugit magni non et et aspernatur esse ab iste. Ducimus sed est alias. Fugit sit alias rerum explicabo sint quasi molestiae.', 5, '2019-03-04 07:07:16', '2019-03-04 07:07:16'),
(218, 41, 'Marlin Herman', 'Ut quod eveniet culpa ea eum repellendus exercitationem. Accusantium temporibus eligendi molestiae rerum deleniti. Ut voluptatem aut ipsa aut deleniti rem numquam.', 4, '2019-03-04 07:07:16', '2019-03-04 07:07:16'),
(219, 12, 'Santa Brakus V', 'Molestias odit expedita fugiat rerum eum rerum itaque unde. Aut quibusdam dolor dolore. Vel nemo natus corporis dolorum cumque ea amet. Et recusandae ipsam sapiente ut veniam dolorum blanditiis. Eius quia aspernatur ut repellendus accusamus id.', 2, '2019-03-04 07:07:16', '2019-03-04 07:07:16'),
(220, 35, 'Mrs. Jannie Rempel', 'Debitis fugiat est magni. Nobis fugiat eaque ut laborum praesentium consequatur modi et. Repudiandae quibusdam perferendis optio atque et harum. Similique recusandae et sequi nostrum quia consectetur.', 0, '2019-03-04 07:07:16', '2019-03-04 07:07:16'),
(221, 35, 'Ollie Waelchi', 'Quibusdam et vero exercitationem aperiam. Omnis officiis voluptas omnis error quibusdam quia. Est beatae voluptatem suscipit. Labore unde et incidunt adipisci hic.', 1, '2019-03-04 07:07:16', '2019-03-04 07:07:16'),
(222, 44, 'Dr. Thora Lindgren', 'Non similique itaque consectetur accusamus rerum nihil consequatur. Iure sunt quo nemo suscipit vitae. Dicta et quis eos qui voluptas quidem consequatur. Excepturi et laudantium ea et ipsum neque quia.', 0, '2019-03-04 07:07:16', '2019-03-04 07:07:16'),
(223, 13, 'Maida Brakus', 'Quas velit ex at facilis. Impedit sint iste in et autem. Eius sit ea delectus quam eos et voluptatem.', 0, '2019-03-04 07:07:16', '2019-03-04 07:07:16'),
(224, 42, 'Edison Mann', 'Recusandae placeat consequatur ratione ea voluptas optio veritatis. Et laudantium excepturi laborum ipsum. Eligendi architecto aperiam id nesciunt. Quidem voluptates et porro provident provident dolor ut.', 4, '2019-03-04 07:07:16', '2019-03-04 07:07:16'),
(225, 1, 'Ms. Myrtle Fahey', 'Assumenda repudiandae nihil ducimus corrupti modi et perferendis. Nam maiores laboriosam aut est ad ad nam. Ducimus quia aut perferendis aut labore quia explicabo. Cupiditate ea et quasi dicta nihil.', 2, '2019-03-04 07:07:16', '2019-03-04 07:07:16'),
(226, 50, 'Raina Bogan', 'Ut deleniti quae expedita ut maxime dolor. Iste ea cupiditate et qui. Deleniti ea commodi eligendi dolore dolor itaque autem.', 4, '2019-03-04 07:07:16', '2019-03-04 07:07:16'),
(227, 22, 'Miss Emie Emard', 'Voluptatibus rem culpa aut labore aliquid. Itaque fugit quia ducimus inventore aspernatur ut. Ratione perferendis possimus aut et voluptate quia similique.', 0, '2019-03-04 07:07:16', '2019-03-04 07:07:16'),
(228, 19, 'Monserrate Streich', 'Incidunt harum porro a labore in veritatis autem rerum. Enim illum laborum dolores dolorem libero et maxime. Eos dolor qui non ratione aliquam. Et illo perspiciatis voluptatibus consequatur dolores aut facilis. Nulla harum eum mollitia nobis id omnis unde.', 0, '2019-03-04 07:07:16', '2019-03-04 07:07:16'),
(229, 40, 'Prof. Randy Harber', 'Rerum qui ipsum sit ut est. Eum blanditiis beatae et. Necessitatibus vitae et omnis facilis. Corrupti est reprehenderit accusantium aut nemo debitis. Dolores repellendus impedit quia similique voluptatem cupiditate.', 0, '2019-03-04 07:07:16', '2019-03-04 07:07:16'),
(230, 38, 'Kade Crona', 'Eos expedita cumque assumenda sit adipisci inventore commodi. Sint ut eum saepe ut ut aliquid. Suscipit laudantium eos dicta quo eos.', 2, '2019-03-04 07:07:16', '2019-03-04 07:07:16'),
(231, 34, 'Mr. Trace Murray IV', 'Qui est a voluptatem dolores facilis eius. Blanditiis consequatur molestiae autem dolores et. Veritatis amet voluptatem et. Quis harum necessitatibus architecto sapiente dolorum. Voluptate exercitationem omnis quasi doloribus.', 1, '2019-03-04 07:07:16', '2019-03-04 07:07:16'),
(232, 43, 'Kolby Graham', 'Labore placeat laborum qui omnis. Rerum voluptatem sint nihil dolorum. Sed laboriosam eaque odio omnis molestiae dolor. Non rem odit porro sed culpa saepe. Enim facilis delectus quam iusto dolores consequatur accusamus facere.', 1, '2019-03-04 07:07:16', '2019-03-04 07:07:16'),
(233, 27, 'D\'angelo Bins', 'Eveniet ratione ut quisquam est aliquam. Minima quae impedit voluptas vel quis. Nulla ullam quia qui provident explicabo a incidunt.', 1, '2019-03-04 07:07:16', '2019-03-04 07:07:16'),
(234, 47, 'Justus Bechtelar V', 'Sunt illo perspiciatis laudantium ut perspiciatis impedit. Rem dolorum voluptatem iure odit quae. Nihil recusandae dolores autem cum tempore. Laboriosam aut qui labore totam voluptates natus dolores.', 1, '2019-03-04 07:07:16', '2019-03-04 07:07:16'),
(235, 4, 'Scarlett Langosh I', 'Tempora deleniti consequuntur veritatis sint minus qui. Aut temporibus ut unde nulla. Fugiat quia eaque nulla minus.', 1, '2019-03-04 07:07:16', '2019-03-04 07:07:16'),
(236, 1, 'Ms. Robyn Erdman', 'Eum ipsum soluta perspiciatis officiis velit voluptatem. Corporis eos facilis provident quia aut sunt. Eligendi quaerat corrupti quo dolores in libero.', 4, '2019-03-04 07:07:16', '2019-03-04 07:07:16'),
(237, 30, 'Nella Robel', 'Ad dolor non aut porro consequatur placeat. Est nisi accusantium animi architecto neque sint est. Non quaerat cupiditate ad. Autem repudiandae asperiores cupiditate optio nesciunt libero quo.', 0, '2019-03-04 07:07:16', '2019-03-04 07:07:16'),
(238, 39, 'Prof. Bradley Jaskolski', 'Et sint et voluptates id. Soluta nisi nostrum aliquid eum repellendus excepturi. Quae itaque sed fugiat sit ab. Consequuntur quia aliquam ut nihil sed.', 4, '2019-03-04 07:07:16', '2019-03-04 07:07:16'),
(239, 45, 'Mrs. Rita Feil I', 'Perferendis ullam rem et beatae corrupti. Corrupti dicta quasi omnis vel qui reprehenderit ab. Voluptatem eum enim qui voluptatum veritatis ut. Odio soluta quae optio consequuntur.', 1, '2019-03-04 07:07:16', '2019-03-04 07:07:16'),
(240, 47, 'Jo Batz', 'Voluptas qui fugit rerum vero dolorem excepturi. Molestiae qui quod repellat earum et. Aut corrupti iste autem iste expedita sit sint.', 5, '2019-03-04 07:07:16', '2019-03-04 07:07:16'),
(241, 32, 'Prof. Retha Schroeder', 'Aliquid facere voluptate inventore cumque deleniti autem quidem. Atque delectus exercitationem rerum et.', 4, '2019-03-04 07:07:16', '2019-03-04 07:07:16'),
(242, 26, 'Dr. Frieda Ankunding', 'Vitae perspiciatis dolorem aut sed est asperiores. Omnis aliquam qui consequuntur repellat magnam. Sint praesentium quasi labore iste illo reprehenderit. Temporibus porro tempore voluptas placeat aut porro laudantium.', 1, '2019-03-04 07:07:16', '2019-03-04 07:07:16'),
(243, 46, 'Cleora Bernhard', 'Sed asperiores ut officia at ea minus eos odit. Voluptatem omnis assumenda officiis eaque.', 1, '2019-03-04 07:07:16', '2019-03-04 07:07:16'),
(244, 33, 'Prof. Kaden Okuneva', 'Et iure ut dignissimos voluptatum. Eum enim et qui ea aliquam dolor. Nostrum unde tempore debitis adipisci ut vel reprehenderit.', 4, '2019-03-04 07:07:16', '2019-03-04 07:07:16'),
(245, 31, 'Benny Orn', 'Rerum architecto esse veritatis dolorum illum repudiandae. Natus nulla debitis nostrum doloremque dolore. Ea quasi accusamus voluptas unde ratione. Necessitatibus odit corporis necessitatibus delectus possimus.', 4, '2019-03-04 07:07:16', '2019-03-04 07:07:16'),
(246, 41, 'Neal Klocko MD', 'Vel nemo hic sint vel dicta. Et tempore aut alias tenetur.', 1, '2019-03-04 07:07:16', '2019-03-04 07:07:16'),
(247, 39, 'Lavina Crona Sr.', 'Harum natus praesentium eum temporibus eum. Sed fuga non enim eius sint. Nam sed sint eveniet dolores sit aut nesciunt.', 3, '2019-03-04 07:07:16', '2019-03-04 07:07:16'),
(248, 38, 'Buddy Hodkiewicz', 'Suscipit minima repudiandae hic modi. Reprehenderit corporis voluptate deleniti voluptas incidunt eius. Et et quia ea qui quis occaecati commodi voluptatem. Magnam qui culpa a distinctio quo mollitia.', 4, '2019-03-04 07:07:16', '2019-03-04 07:07:16'),
(249, 50, 'Dr. Vita Skiles', 'Omnis id tempora sed molestiae atque. Necessitatibus aut libero omnis soluta magnam iure quasi in. Dolores at inventore modi autem occaecati quaerat quas.', 2, '2019-03-04 07:07:16', '2019-03-04 07:07:16'),
(250, 45, 'Prof. Horace Thiel IV', 'Laborum velit itaque dolor qui. Vel quam molestiae ut velit eum mollitia. Perferendis aut in qui consequatur repudiandae.', 2, '2019-03-04 07:07:16', '2019-03-04 07:07:16'),
(251, 4, 'Mrs. Monique Jacobs', 'Consequatur ipsa sunt sed sed minima architecto non. Totam itaque voluptas atque est. Et ipsum sit ipsa illum libero.', 1, '2019-03-04 07:07:16', '2019-03-04 07:07:16'),
(252, 48, 'Cheyenne Bergnaum PhD', 'Possimus eos eos voluptatibus repellat officiis non ullam rerum. Iusto rerum deserunt voluptatem recusandae iste incidunt. Itaque aliquam aut vel ratione consectetur vero. Reprehenderit dignissimos ut recusandae.', 5, '2019-03-04 07:07:16', '2019-03-04 07:07:16'),
(253, 14, 'Dr. Lorenzo Schumm IV', 'Et dolor qui culpa. Minima distinctio qui quos sit quasi. Non ut quia quasi sed.', 5, '2019-03-04 07:07:16', '2019-03-04 07:07:16'),
(254, 50, 'Prof. Hattie Quigley', 'Consequatur sint provident quidem dolores. Accusantium sunt ratione nostrum molestias impedit omnis aut. Excepturi officiis et optio necessitatibus corporis. Aut aut facilis est eius aperiam odit rem odio.', 3, '2019-03-04 07:07:16', '2019-03-04 07:07:16'),
(255, 36, 'Piper Rosenbaum V', 'Est ipsa corporis vel ut nam explicabo voluptas. Ratione velit sapiente fugit rem. Iste odio quae quia hic error quo. Nemo et atque tenetur praesentium non. Illo eum molestias sunt consectetur.', 4, '2019-03-04 07:07:16', '2019-03-04 07:07:16'),
(256, 40, 'Elsa Nitzsche', 'Autem dolor ratione id aspernatur labore et fugit. Doloremque nulla eum temporibus. Soluta earum ratione non.', 3, '2019-03-04 07:07:16', '2019-03-04 07:07:16'),
(257, 45, 'Prof. Hillary Hayes', 'Quos placeat sequi unde placeat. Quia aut consequatur et in est magnam. Est ab dolores nemo beatae vel nemo iure.', 1, '2019-03-04 07:07:16', '2019-03-04 07:07:16'),
(258, 35, 'Pansy Steuber', 'Veritatis facilis voluptate facere esse repudiandae omnis. Commodi voluptas qui eum qui. In qui asperiores suscipit necessitatibus vitae eos. Ipsa inventore est architecto ut. Aut soluta ducimus atque expedita.', 5, '2019-03-04 07:07:16', '2019-03-04 07:07:16'),
(259, 22, 'Prof. Houston Ward', 'Provident et voluptas rem voluptas est animi. Enim aut et nesciunt accusamus. Nihil unde adipisci omnis et atque saepe sunt. Amet ea facere illum quia placeat doloribus sit. Sit nihil porro ex est iure eveniet ut natus.', 2, '2019-03-04 07:07:16', '2019-03-04 07:07:16'),
(260, 7, 'Russ Carter', 'Nobis placeat vel vel soluta. Dolorem at id aut et voluptatem corporis perspiciatis odio. Quia ullam est id est assumenda sequi. Reiciendis temporibus reiciendis rerum quod rerum totam iusto.', 5, '2019-03-04 07:07:16', '2019-03-04 07:07:16'),
(261, 35, 'Rodrigo Heller', 'Sunt iure recusandae id quis consequatur. Sint voluptates atque vel quis quia quo.', 2, '2019-03-04 07:07:16', '2019-03-04 07:07:16'),
(262, 20, 'Mrs. Marjolaine Heathcote II', 'Autem perspiciatis sunt eligendi quod. Aut asperiores totam iure ut provident temporibus numquam sed. Tempora rem totam veniam. Fugiat tempore officiis nihil ut modi et pariatur.', 4, '2019-03-04 07:07:16', '2019-03-04 07:07:16'),
(263, 5, 'Dr. Americo Haley IV', 'Ullam optio porro et nihil velit qui est vero. Consequatur maiores reiciendis iste dolor qui non a. Est qui qui quis adipisci maxime expedita.', 3, '2019-03-04 07:07:16', '2019-03-04 07:07:16'),
(264, 16, 'Mr. Demond McGlynn DVM', 'Sint blanditiis mollitia voluptas autem aspernatur expedita. Voluptatem fugit error id quis qui quis quia. Quas quas odit doloribus eum. Tempore voluptatem velit sunt non sunt dolore error neque.', 4, '2019-03-04 07:07:16', '2019-03-04 07:07:16'),
(265, 6, 'Ashlynn Langosh', 'Sequi dolorem unde quo perferendis velit. Aut sunt ad perferendis recusandae nesciunt fuga accusamus. Sint ea natus quos quasi consequatur voluptatibus ipsum aspernatur. Cumque vel officia reprehenderit itaque. Mollitia est exercitationem eius quo.', 4, '2019-03-04 07:07:16', '2019-03-04 07:07:16'),
(266, 7, 'Pinkie Morar MD', 'Non voluptas similique et adipisci deserunt. Nobis nisi fugiat dolorem necessitatibus nam voluptas ut. Iusto id dolores et quos dolor ut. Sunt est rerum atque quis.', 4, '2019-03-04 07:07:16', '2019-03-04 07:07:16'),
(267, 47, 'Harrison Toy', 'Et optio beatae maiores perferendis. Libero officiis corrupti nemo a similique voluptatem quo. Est ut et iure cum.', 3, '2019-03-04 07:07:16', '2019-03-04 07:07:16'),
(268, 18, 'Winona Runolfsson', 'Omnis porro est molestiae nisi suscipit non ullam voluptas. Porro quisquam et architecto distinctio. Ratione reiciendis sed molestiae vitae porro soluta consequuntur. Tempore voluptatem id unde sapiente ut.', 2, '2019-03-04 07:07:16', '2019-03-04 07:07:16'),
(269, 45, 'Larissa Quigley Sr.', 'Alias accusantium dolorum consequatur ut ab rerum eius laborum. Quis dolorem aut harum sed. Sunt assumenda nam sint. Assumenda officiis sed ut facilis eum odio quia. Eaque beatae eius eos aut maiores.', 4, '2019-03-04 07:07:16', '2019-03-04 07:07:16'),
(270, 30, 'Meda Klein', 'Provident quia id eveniet. Quibusdam amet consectetur quo molestiae. Aut beatae tempore temporibus est consequuntur ut unde. Enim perspiciatis voluptas velit doloremque.', 5, '2019-03-04 07:07:16', '2019-03-04 07:07:16'),
(271, 34, 'Dianna Kiehn', 'Voluptatem quia et aut eos debitis sunt debitis. Expedita autem tenetur aliquam sint cumque officia ipsam quas. Voluptate explicabo aperiam odit dolores delectus nisi. Sit architecto ea eveniet quis et laudantium.', 4, '2019-03-04 07:07:16', '2019-03-04 07:07:16'),
(272, 11, 'Miss Velva Lubowitz', 'Nesciunt asperiores qui reprehenderit totam fugit dolor vitae. Alias quae id id debitis quisquam. Amet et et ipsam placeat iusto nihil. Et blanditiis tenetur quas iusto assumenda.', 2, '2019-03-04 07:07:16', '2019-03-04 07:07:16'),
(273, 10, 'Mabel Cormier', 'Ipsum harum dolore quas est ut ullam sunt. Dignissimos culpa et laborum in. Atque rerum similique sequi ducimus ut voluptatem. Distinctio iure maiores accusantium.', 3, '2019-03-04 07:07:16', '2019-03-04 07:07:16'),
(274, 6, 'Karina Ziemann', 'Doloribus consequuntur est adipisci aut veritatis nostrum. Sit molestias quis eos dignissimos voluptatibus nostrum aliquam. Similique eum sed ea harum exercitationem.', 0, '2019-03-04 07:07:16', '2019-03-04 07:07:16'),
(275, 14, 'Kayli Braun', 'Omnis vel odio rerum quaerat officiis non et. Unde occaecati ea tenetur. Molestiae dolores voluptas voluptatem neque aut sequi quia.', 2, '2019-03-04 07:07:16', '2019-03-04 07:07:16'),
(276, 30, 'Salvador Kautzer', 'Et aperiam voluptatem similique pariatur. Voluptatum non temporibus eos. Natus possimus sed ut sint. Similique quo voluptates vitae omnis.', 3, '2019-03-04 07:07:16', '2019-03-04 07:07:16'),
(277, 5, 'Miss Maria Gutkowski', 'Consequatur ut amet dolores a enim. Eius et qui cupiditate soluta quia recusandae. Animi cupiditate iste cupiditate eaque deserunt illo.', 2, '2019-03-04 07:07:16', '2019-03-04 07:07:16'),
(278, 27, 'Natalie Roob', 'Cum sunt blanditiis rerum debitis eius. Sed odit id occaecati laboriosam et harum. Debitis voluptas eaque nihil voluptas. Expedita quas hic incidunt assumenda aut alias.', 2, '2019-03-04 07:07:16', '2019-03-04 07:07:16'),
(279, 46, 'Prof. Queenie Morissette Jr.', 'Nesciunt aut omnis provident culpa aspernatur. Ea maiores non nemo sunt excepturi aut esse. Ea itaque pariatur ducimus qui et omnis molestias. Temporibus iste alias culpa quidem est error qui sunt.', 5, '2019-03-04 07:07:16', '2019-03-04 07:07:16'),
(280, 10, 'Mr. Carlo Bergstrom IV', 'Architecto et sunt quia quia vel tempore. Perspiciatis itaque qui rem. Voluptas eaque itaque quia fugiat. Necessitatibus enim quae tenetur et voluptatem minus.', 3, '2019-03-04 07:07:16', '2019-03-04 07:07:16'),
(281, 13, 'Mateo Bahringer', 'Totam sapiente qui sint quibusdam tenetur dolor. Reiciendis voluptatibus pariatur id repellendus fuga. Doloremque incidunt ut dolor et iure quia nesciunt. Quo quis cupiditate aperiam dignissimos facilis quia delectus laboriosam.', 0, '2019-03-04 07:07:16', '2019-03-04 07:07:16'),
(282, 45, 'Mr. Gilberto Howell', 'Alias nesciunt culpa fuga quibusdam id placeat. Voluptatem dicta quo quos. Iusto eveniet magnam nisi sed sed ipsum nemo.', 3, '2019-03-04 07:07:16', '2019-03-04 07:07:16'),
(283, 11, 'Miles Conn', 'Eum consequuntur non voluptas aliquid. Vero recusandae debitis dolor et ut. Aut aut reprehenderit qui sed. Laudantium consequatur ut nam officia exercitationem.', 4, '2019-03-04 07:07:16', '2019-03-04 07:07:16'),
(284, 26, 'Blanca Dibbert', 'Rem illo blanditiis rerum non omnis sit. Laborum dicta et voluptatibus commodi omnis doloribus. Ut enim voluptas rerum eius et culpa.', 0, '2019-03-04 07:07:16', '2019-03-04 07:07:16'),
(285, 7, 'Mr. Sheridan Yost', 'Quia enim omnis voluptas eum. In perferendis repellendus debitis vel qui. Quia inventore eos quo velit. Deserunt deserunt eos modi qui qui.', 5, '2019-03-04 07:07:16', '2019-03-04 07:07:16'),
(286, 32, 'Alejandra Orn', 'Quia ut est odit magnam cum. Ea temporibus suscipit mollitia vero. Necessitatibus illum et eveniet et animi molestiae.', 1, '2019-03-04 07:07:16', '2019-03-04 07:07:16'),
(287, 22, 'Marlee Little III', 'Commodi minima eum optio omnis. Quia autem et commodi consequatur facilis. Ducimus velit libero ut in magni.', 3, '2019-03-04 07:07:16', '2019-03-04 07:07:16'),
(288, 26, 'Brooke Kohler', 'Numquam qui ipsam sit earum itaque nam earum. Consequatur dolores consequuntur perspiciatis aut nihil dolorem et blanditiis. Fuga similique quo porro nostrum. Libero autem cum adipisci ut enim non ratione.', 4, '2019-03-04 07:07:17', '2019-03-04 07:07:17'),
(289, 11, 'Destany Bode', 'Provident voluptas est a. Earum sit non architecto et totam incidunt. Velit consequatur deleniti sit delectus sed.', 4, '2019-03-04 07:07:17', '2019-03-04 07:07:17'),
(290, 35, 'Dr. Ignatius Kreiger', 'Voluptas tempora consequatur est in. Perferendis repellat perferendis veniam in. Harum repellendus et asperiores odio sunt. Odio saepe rerum eos deleniti incidunt et. Est optio dolores quia.', 1, '2019-03-04 07:07:17', '2019-03-04 07:07:17'),
(291, 39, 'Clementina Herzog Sr.', 'Assumenda expedita voluptatem totam consectetur neque. Aut eveniet est ut quia. Mollitia dolorem assumenda temporibus inventore sint dignissimos. Optio aut maxime illo harum qui.', 2, '2019-03-04 07:07:17', '2019-03-04 07:07:17'),
(292, 32, 'Prof. Josefa Runte Jr.', 'Magni omnis in ratione ut. Debitis nihil aliquid molestiae nostrum quaerat. Quis quia veniam doloremque et qui porro.', 0, '2019-03-04 07:07:17', '2019-03-04 07:07:17'),
(293, 48, 'Prof. Mireille Conroy MD', 'In ut et quae quaerat doloribus cupiditate facere. Sapiente non et ut quo facere. Non aspernatur veniam necessitatibus inventore iusto. Sint vel molestiae non impedit.', 1, '2019-03-04 07:07:17', '2019-03-04 07:07:17'),
(294, 33, 'Colt Schroeder III', 'Veniam corrupti est autem dignissimos animi. Itaque perferendis nesciunt ut quia. Qui ut porro nemo alias. Consequatur labore enim rerum commodi.', 1, '2019-03-04 07:07:17', '2019-03-04 07:07:17'),
(295, 38, 'Gilberto Connelly DDS', 'Voluptatem eos id reiciendis temporibus sit in voluptas et. Sunt magnam illum nihil omnis.', 1, '2019-03-04 07:07:17', '2019-03-04 07:07:17'),
(296, 23, 'Vada Hamill', 'Sunt sapiente explicabo et perspiciatis molestias. Vitae est voluptas tempora. Quis nihil nemo sit eligendi quod ab consectetur corrupti. Nam doloremque ab sapiente sit fugiat.', 2, '2019-03-04 07:07:17', '2019-03-04 07:07:17'),
(297, 45, 'Valentin Gutmann MD', 'Possimus nihil qui ea laudantium explicabo facilis odio. Omnis quod laudantium ipsum. Voluptatibus eius error voluptate quam esse.', 4, '2019-03-04 07:07:17', '2019-03-04 07:07:17'),
(298, 43, 'Austen Heidenreich', 'Aut ex nulla in voluptatem enim tempore. Sed sed odit minus. Est eligendi nihil autem aut reiciendis eum.', 5, '2019-03-04 07:07:17', '2019-03-04 07:07:17'),
(299, 3, 'Kelly Cremin', 'At eius ipsum consequatur distinctio corporis sint qui quia. Dolor aspernatur quia deserunt enim blanditiis sit. Doloremque porro voluptatem est illum magnam. Quia ex quae quae tempore exercitationem quidem.', 5, '2019-03-04 07:07:17', '2019-03-04 07:07:17'),
(300, 5, 'Mireya Shanahan', 'Quasi esse modi est a eum. Sapiente ut quod soluta totam enim nihil. Iure est accusantium ut quia et. Consectetur reprehenderit vel provident voluptatem.', 5, '2019-03-04 07:07:17', '2019-03-04 07:07:17');

-- --------------------------------------------------------

--
-- Table structure for table `users`
--

DROP TABLE IF EXISTS `users`;
CREATE TABLE IF NOT EXISTS `users` (
  `id` int(10) UNSIGNED NOT NULL AUTO_INCREMENT,
  `name` varchar(255) COLLATE utf8_unicode_ci NOT NULL,
  `email` varchar(255) COLLATE utf8_unicode_ci NOT NULL,
  `password` varchar(255) COLLATE utf8_unicode_ci NOT NULL,
  `remember_token` varchar(100) COLLATE utf8_unicode_ci DEFAULT NULL,
  `created_at` timestamp NULL DEFAULT NULL,
  `updated_at` timestamp NULL DEFAULT NULL,
  PRIMARY KEY (`id`),
  UNIQUE KEY `users_email_unique` (`email`)
) ENGINE=MyISAM DEFAULT CHARSET=utf8 COLLATE=utf8_unicode_ci;
COMMIT;

/*!40101 SET CHARACTER_SET_CLIENT=@OLD_CHARACTER_SET_CLIENT */;
/*!40101 SET CHARACTER_SET_RESULTS=@OLD_CHARACTER_SET_RESULTS */;
/*!40101 SET COLLATION_CONNECTION=@OLD_COLLATION_CONNECTION */;
